{
    "id": "62879559-cda7-4989-954b-67af2c281f59",
    "itemsData": [
        {
            "id": "CSS1",
            "group": "4ff861bd-6036-40b6-97c2-26b99644f9fd",
            "displayName": "Abandoned",
            "color": "rgb(229, 39, 39)",
            "textColor": "rgb(255, 255, 255)",
            "icon": "",
            "avatar": "",
            "previewImage": "",
            "infoPopupOnHover": false,
            "version": "f2b00777-598a-45e2-88fd-c62747e20280"
        },
        {
            "id": "CSS2",
            "group": "4ff861bd-6036-40b6-97c2-26b99644f9fd",
            "displayName": "Completed",
            "color": "rgb(70, 220, 44)",
            "textColor": "rgb(255, 255, 255)",
            "icon": "",
            "avatar": "",
            "previewImage": "",
            "infoPopupOnHover": false,
            "version": "f0bfc095-634f-4553-9dc6-b2f9af4cb0fc"
        },
        {
            "id": "CSS3",
            "group": "4ff861bd-6036-40b6-97c2-26b99644f9fd",
            "displayName": "On hold",
            "color": "rgb(235, 217, 112)",
            "textColor": "rgb(35, 35, 35)",
            "icon": "",
            "avatar": "",
            "previewImage": "",
            "infoPopupOnHover": false,
            "version": "f50ca6c3-85cf-48cd-bf87-3647fed238d7"
        },
        {
            "id": "CSS4",
            "group": "4ff861bd-6036-40b6-97c2-26b99644f9fd",
            "displayName": "In progress",
            "color": "rgb(48, 43, 179)",
            "textColor": "rgb(255, 255, 255)",
            "icon": "",
            "avatar": "",
            "previewImage": "",
            "infoPopupOnHover": false,
            "version": "d6e00e19-e715-472d-bc49-e5d5b73f2bdc"
        }
    ],
    "groupData": {
        "id": "4ff861bd-6036-40b6-97c2-26b99644f9fd",
        "name": "Common Status",
        "prefix": "CSS"
    },
    "name": "Common Status",
    "version": "59ebef6b-d301-4d24-8e5c-669e8b101aef",
    "contentType": "tags",
    "remotePath": "packs/tags/4ff861bd-6036-40b6-97c2-26b99644f9fd.zip"
}