{
    "id": "62879559-cda7-4989-954b-67af2c281f59",
    "itemsData": [
        {
            "id": "CSS1",
            "group": "4ff861bd-6036-40b6-97c2-26b99644f9fd",
            "displayName": "Abandoned",
            "color": "rgb(229, 39, 39)",
            "textColor": "rgb(255, 255, 255)",
            "icon": "",
            "avatar": "",
            "previewImage": "",
            "infoPopupOnHover": false,
            "version": "15d80c32-7ef0-4842-9c83-a57e2c7346a3"
        },
        {
            "id": "CSS2",
            "group": "4ff861bd-6036-40b6-97c2-26b99644f9fd",
            "displayName": "Completed",
            "color": "rgb(70, 220, 44)",
            "textColor": "rgb(255, 255, 255)",
            "icon": "",
            "avatar": "",
            "previewImage": "",
            "infoPopupOnHover": false,
            "version": "1c04eef9-41d8-44b2-831b-1f86f216fc4a"
        },
        {
            "id": "CSS3",
            "group": "4ff861bd-6036-40b6-97c2-26b99644f9fd",
            "displayName": "On hold",
            "color": "rgb(235, 217, 112)",
            "textColor": "rgb(35, 35, 35)",
            "icon": "",
            "avatar": "",
            "previewImage": "",
            "infoPopupOnHover": false,
            "version": "e146d663-f2da-44ca-a019-1d9cd15f2ba4"
        },
        {
            "id": "CSS4",
            "group": "4ff861bd-6036-40b6-97c2-26b99644f9fd",
            "displayName": "In progress",
            "color": "rgb(48, 43, 179)",
            "textColor": "rgb(255, 255, 255)",
            "icon": "",
            "avatar": "",
            "previewImage": "",
            "infoPopupOnHover": false,
            "version": "6acb19a1-a546-4822-ac2e-09706f169779"
        }
    ],
    "groupData": {
        "id": "4ff861bd-6036-40b6-97c2-26b99644f9fd",
        "name": "Common Status",
        "prefix": "CSS"
    },
    "name": "Common Status",
    "version": "db781f90-b4e7-4cd9-90a9-a29679607380",
    "contentType": "tags",
    "remotePath": "packs/tags/4ff861bd-6036-40b6-97c2-26b99644f9fd.zip"
}