{
    "id": "62879559-cda7-4989-954b-67af2c281f59",
    "name": "Common Status",
    "remoteBaseUrl": "https://github.com/SmartManager7/smart-manager-remote-storage-STG",
    "remotePath": "packs/tags/4ff861bd-6036-40b6-97c2-26b99644f9fd.zip",
    "version": "db781f90-b4e7-4cd9-90a9-a29679607380",
    "itemsVersions": {
        "CSS1": "15d80c32-7ef0-4842-9c83-a57e2c7346a3",
        "CSS2": "1c04eef9-41d8-44b2-831b-1f86f216fc4a",
        "CSS3": "e146d663-f2da-44ca-a019-1d9cd15f2ba4",
        "CSS4": "6acb19a1-a546-4822-ac2e-09706f169779"
    }
}