{
    "id": "99954e5e-12e5-4b06-a58f-357e2354f464",
    "name": "Games",
    "remoteBaseUrl": "https://github.com/SmartManager7/smart-manager-remote-storage-STG",
    "remotePath": "packs/meta-options/a0bfd4d7-aa78-42a8-b232-d849d003a453.zip",
    "version": "8e2ba755-d2c6-4194-a175-e557331b7a75",
    "remoteDependencies": {
        "dataBuckets": [
            {
                "id": "20183fe9-a177-4769-b0ea-1d591574e350",
                "remoteBaseUrl": "https://github.com/SmartManager7/smart-manager-remote-storage-STG",
                "remotePath": "packs/data-buckets/bc69580c-6663-43fa-85a6-38650ff7423e.zip"
            }
        ]
    },
    "itemsVersions": {
        "2bfc81c4-0179-4828-b92a-ad4c39edbca6": "3c4fc71c-df6a-4c4d-b765-18d9cafa0dc1",
        "222111d3-482b-43ed-9b5d-484216b02c07": "d5987b8c-7b70-47bb-90ee-be8e16633395",
        "16060d69-0f86-49a9-b71e-dda37bf924ce": "68e7442f-1e69-417a-8932-5bd8566108e3",
        "2cfa93dc-0980-4cc7-866b-e1ef82ae42a7": "3ba19fab-ea0f-4441-bfda-3fd65337da6c"
    }
}