{
    "id": "99954e5e-12e5-4b06-a58f-357e2354f464",
    "name": "Games",
    "remoteBaseUrl": "https://github.com/SmartManager7/smart-manager-remote-storage-STG",
    "remotePath": "packs/meta-options/a0bfd4d7-aa78-42a8-b232-d849d003a453.zip",
    "version": "27f93dcb-bd6c-4ad7-abca-37ca4f636591",
    "remoteDependencies": {
        "dataBuckets": [
            {
                "id": "20183fe9-a177-4769-b0ea-1d591574e350",
                "remoteBaseUrl": "https://github.com/SmartManager7/smart-manager-remote-storage-STG",
                "remotePath": "packs/data-buckets/bc69580c-6663-43fa-85a6-38650ff7423e.zip"
            }
        ]
    },
    "itemsVersions": {
        "2bfc81c4-0179-4828-b92a-ad4c39edbca6": "0dda7809-227b-4dda-aef0-5447dd8c70f7",
        "222111d3-482b-43ed-9b5d-484216b02c07": "4e7ba1b9-6a73-464b-bfc4-5e8995211bd7",
        "16060d69-0f86-49a9-b71e-dda37bf924ce": "cd20af9b-771f-44ad-bd6f-683f528f82a7",
        "2cfa93dc-0980-4cc7-866b-e1ef82ae42a7": "14c65fc4-4946-4035-8a0a-6f4c59131b03"
    }
}