{
    "id": "a94e7864-9fbd-4039-a46a-c422284e1c7e",
    "itemsData": [
        {
            "id": "GE1",
            "group": "9a7b6538-c6ca-44af-9803-c31aefcec255",
            "displayName": "ADRIFT",
            "color": "",
            "textColor": "",
            "icon": null,
            "avatar": null,
            "previewImage": null,
            "infoPopupOnHover": null,
            "version": "3163f9b8-24b1-4372-999a-59c1a2461aa2"
        },
        {
            "id": "GE2",
            "group": "9a7b6538-c6ca-44af-9803-c31aefcec255",
            "displayName": "Flash",
            "color": "",
            "textColor": "",
            "icon": null,
            "avatar": null,
            "previewImage": null,
            "infoPopupOnHover": null,
            "version": "17a3c1eb-9db0-4a69-bbd9-40d12b116c5a"
        },
        {
            "id": "GE3",
            "group": "9a7b6538-c6ca-44af-9803-c31aefcec255",
            "displayName": "HTML",
            "color": "",
            "textColor": "",
            "icon": null,
            "avatar": null,
            "previewImage": null,
            "infoPopupOnHover": null,
            "version": "64a39ee4-d240-4a33-ad74-c92271cbd196"
        },
        {
            "id": "GE4",
            "group": "9a7b6538-c6ca-44af-9803-c31aefcec255",
            "displayName": "Java",
            "color": "",
            "textColor": "",
            "icon": null,
            "avatar": null,
            "previewImage": null,
            "infoPopupOnHover": null,
            "version": "5a4bf38b-d5f2-46ee-83d5-5583da01d4e7"
        },
        {
            "id": "GE5",
            "group": "9a7b6538-c6ca-44af-9803-c31aefcec255",
            "displayName": "Others",
            "color": "",
            "textColor": "",
            "icon": null,
            "avatar": null,
            "previewImage": null,
            "infoPopupOnHover": null,
            "version": "6feeec4f-9242-4b1d-af2a-b705cd3be33a"
        },
        {
            "id": "GE6",
            "group": "9a7b6538-c6ca-44af-9803-c31aefcec255",
            "displayName": "QSP",
            "color": "",
            "textColor": "",
            "icon": null,
            "avatar": null,
            "previewImage": null,
            "infoPopupOnHover": null,
            "version": "1504ee88-a65e-4d76-976a-6cf52be8c116"
        },
        {
            "id": "GE7",
            "group": "9a7b6538-c6ca-44af-9803-c31aefcec255",
            "displayName": "RAGS",
            "color": "",
            "textColor": "",
            "icon": null,
            "avatar": null,
            "previewImage": null,
            "infoPopupOnHover": null,
            "version": "8ab42234-156c-4769-95b6-411762a3aef9"
        },
        {
            "id": "GE8",
            "group": "9a7b6538-c6ca-44af-9803-c31aefcec255",
            "displayName": "RPGM",
            "color": "",
            "textColor": "",
            "icon": null,
            "avatar": null,
            "previewImage": null,
            "infoPopupOnHover": null,
            "version": "96955cfa-34b8-4710-931d-bb4f19df5de7"
        },
        {
            "id": "GE9",
            "group": "9a7b6538-c6ca-44af-9803-c31aefcec255",
            "displayName": "Ren'Py",
            "color": "",
            "textColor": "",
            "icon": null,
            "avatar": null,
            "previewImage": null,
            "infoPopupOnHover": null,
            "version": "900b7389-22bf-45ea-8040-9f0da7e0cfd0"
        },
        {
            "id": "GE10",
            "group": "9a7b6538-c6ca-44af-9803-c31aefcec255",
            "displayName": "Tads",
            "color": "",
            "textColor": "",
            "icon": null,
            "avatar": null,
            "previewImage": null,
            "infoPopupOnHover": null,
            "version": "1be07516-1ae9-40d3-b927-92ef9a7088ed"
        },
        {
            "id": "GE11",
            "group": "9a7b6538-c6ca-44af-9803-c31aefcec255",
            "displayName": "Unity",
            "color": "",
            "textColor": "",
            "icon": null,
            "avatar": null,
            "previewImage": null,
            "infoPopupOnHover": null,
            "version": "11b4fdcb-aff9-4100-9ad3-b6c8de0a634f"
        },
        {
            "id": "GE12",
            "group": "9a7b6538-c6ca-44af-9803-c31aefcec255",
            "displayName": "Unreal Engine",
            "color": "",
            "textColor": "",
            "icon": null,
            "avatar": null,
            "previewImage": null,
            "infoPopupOnHover": null,
            "version": "ded5b487-69a4-4257-9a52-2cde61bf83cf"
        },
        {
            "id": "GE13",
            "group": "9a7b6538-c6ca-44af-9803-c31aefcec255",
            "displayName": "WebGL",
            "color": "",
            "textColor": "",
            "icon": null,
            "avatar": null,
            "previewImage": null,
            "infoPopupOnHover": null,
            "version": "a9abeed1-6c57-4dfe-9589-883fb6af97b7"
        },
        {
            "id": "GE14",
            "group": "9a7b6538-c6ca-44af-9803-c31aefcec255",
            "displayName": "APK",
            "color": "",
            "textColor": "",
            "icon": "",
            "avatar": "",
            "previewImage": "",
            "infoPopupOnHover": false,
            "version": "ff650b85-ab79-4f40-a2c0-0c165d5b293e"
        },
        {
            "id": "GE15",
            "group": "9a7b6538-c6ca-44af-9803-c31aefcec255",
            "displayName": "Wolf RPG",
            "color": "",
            "textColor": "",
            "icon": "",
            "avatar": "",
            "previewImage": "",
            "infoPopupOnHover": false,
            "version": "a8738c54-a3db-4776-bd2b-ebf140cccbf5"
        }
    ],
    "groupData": {
        "id": "9a7b6538-c6ca-44af-9803-c31aefcec255",
        "name": "Games Engine",
        "prefix": "GE"
    },
    "name": "Games Engine",
    "version": "b92ae42d-8285-422a-bcce-c6f3eab91616",
    "contentType": "tags",
    "remotePath": "packs/tags/9a7b6538-c6ca-44af-9803-c31aefcec255.zip"
}