{
    "id": "a94e7864-9fbd-4039-a46a-c422284e1c7e",
    "itemsData": [
        {
            "id": "GE1",
            "group": "9a7b6538-c6ca-44af-9803-c31aefcec255",
            "displayName": "ADRIFT",
            "color": "",
            "textColor": "",
            "icon": null,
            "avatar": null,
            "previewImage": null,
            "infoPopupOnHover": null,
            "version": "74e0cb04-5bef-4101-b7ed-89f00195f5be"
        },
        {
            "id": "GE2",
            "group": "9a7b6538-c6ca-44af-9803-c31aefcec255",
            "displayName": "Flash",
            "color": "",
            "textColor": "",
            "icon": null,
            "avatar": null,
            "previewImage": null,
            "infoPopupOnHover": null,
            "version": "b367fb25-54ef-4999-897c-66797dfe63d3"
        },
        {
            "id": "GE3",
            "group": "9a7b6538-c6ca-44af-9803-c31aefcec255",
            "displayName": "HTML",
            "color": "",
            "textColor": "",
            "icon": null,
            "avatar": null,
            "previewImage": null,
            "infoPopupOnHover": null,
            "version": "12d93808-3ba3-4767-8d47-17b0bdbfd6d7"
        },
        {
            "id": "GE4",
            "group": "9a7b6538-c6ca-44af-9803-c31aefcec255",
            "displayName": "Java",
            "color": "",
            "textColor": "",
            "icon": null,
            "avatar": null,
            "previewImage": null,
            "infoPopupOnHover": null,
            "version": "e050ef84-f149-4ad6-819b-397c8e76da37"
        },
        {
            "id": "GE5",
            "group": "9a7b6538-c6ca-44af-9803-c31aefcec255",
            "displayName": "Others",
            "color": "",
            "textColor": "",
            "icon": null,
            "avatar": null,
            "previewImage": null,
            "infoPopupOnHover": null,
            "version": "96fe5755-c832-4e5e-ac7b-0884fc29cc0b"
        },
        {
            "id": "GE6",
            "group": "9a7b6538-c6ca-44af-9803-c31aefcec255",
            "displayName": "QSP",
            "color": "",
            "textColor": "",
            "icon": null,
            "avatar": null,
            "previewImage": null,
            "infoPopupOnHover": null,
            "version": "93555311-4710-4d66-937a-59911db48dfd"
        },
        {
            "id": "GE7",
            "group": "9a7b6538-c6ca-44af-9803-c31aefcec255",
            "displayName": "RAGS",
            "color": "",
            "textColor": "",
            "icon": null,
            "avatar": null,
            "previewImage": null,
            "infoPopupOnHover": null,
            "version": "6b3a7f4c-f726-4559-9ac0-f4c9d74fb30c"
        },
        {
            "id": "GE8",
            "group": "9a7b6538-c6ca-44af-9803-c31aefcec255",
            "displayName": "RPGM",
            "color": "",
            "textColor": "",
            "icon": null,
            "avatar": null,
            "previewImage": null,
            "infoPopupOnHover": null,
            "version": "4e7c7647-134f-49c2-93bb-03d9a8b470d8"
        },
        {
            "id": "GE9",
            "group": "9a7b6538-c6ca-44af-9803-c31aefcec255",
            "displayName": "Ren'Py",
            "color": "",
            "textColor": "",
            "icon": null,
            "avatar": null,
            "previewImage": null,
            "infoPopupOnHover": null,
            "version": "8f980bbf-0156-4d3b-94f4-fa3d8ad28713"
        },
        {
            "id": "GE10",
            "group": "9a7b6538-c6ca-44af-9803-c31aefcec255",
            "displayName": "Tads",
            "color": "",
            "textColor": "",
            "icon": null,
            "avatar": null,
            "previewImage": null,
            "infoPopupOnHover": null,
            "version": "e248ee9b-18fb-4ffb-826e-570bc1195a12"
        },
        {
            "id": "GE11",
            "group": "9a7b6538-c6ca-44af-9803-c31aefcec255",
            "displayName": "Unity",
            "color": "",
            "textColor": "",
            "icon": null,
            "avatar": null,
            "previewImage": null,
            "infoPopupOnHover": null,
            "version": "85bd3458-e36c-49ed-8185-9c79745f37d1"
        },
        {
            "id": "GE12",
            "group": "9a7b6538-c6ca-44af-9803-c31aefcec255",
            "displayName": "Unreal Engine",
            "color": "",
            "textColor": "",
            "icon": null,
            "avatar": null,
            "previewImage": null,
            "infoPopupOnHover": null,
            "version": "55468a7b-e0e2-45dc-9e8b-ce6f5919846a"
        },
        {
            "id": "GE13",
            "group": "9a7b6538-c6ca-44af-9803-c31aefcec255",
            "displayName": "WebGL",
            "color": "",
            "textColor": "",
            "icon": null,
            "avatar": null,
            "previewImage": null,
            "infoPopupOnHover": null,
            "version": "9f198f69-6b75-4918-9165-04eb7260cae5"
        },
        {
            "id": "GE14",
            "group": "9a7b6538-c6ca-44af-9803-c31aefcec255",
            "displayName": "APK",
            "color": "",
            "textColor": "",
            "icon": "",
            "avatar": "",
            "previewImage": "",
            "infoPopupOnHover": false,
            "version": "93f9e5ab-58e4-411b-b8ac-8b014254d696"
        },
        {
            "id": "GE15",
            "group": "9a7b6538-c6ca-44af-9803-c31aefcec255",
            "displayName": "Wolf RPG",
            "color": "",
            "textColor": "",
            "icon": "",
            "avatar": "",
            "previewImage": "",
            "infoPopupOnHover": false,
            "version": "4acfae94-7d59-46ca-aef5-e89b54cefa5f"
        }
    ],
    "groupData": {
        "id": "9a7b6538-c6ca-44af-9803-c31aefcec255",
        "name": "Games Engine",
        "prefix": "GE"
    },
    "name": "Games Engine",
    "version": "f799e7a1-f13b-40a2-840b-a9953853b463",
    "contentType": "tags",
    "remotePath": "packs/tags/9a7b6538-c6ca-44af-9803-c31aefcec255.zip"
}