{
    "id": "a94e7864-9fbd-4039-a46a-c422284e1c7e",
    "name": "Games Engine",
    "remoteBaseUrl": "https://github.com/SmartManager7/smart-manager-remote-storage-STG",
    "remotePath": "packs/tags/9a7b6538-c6ca-44af-9803-c31aefcec255.zip",
    "version": "b92ae42d-8285-422a-bcce-c6f3eab91616",
    "itemsVersions": {
        "GE1": "3163f9b8-24b1-4372-999a-59c1a2461aa2",
        "GE2": "17a3c1eb-9db0-4a69-bbd9-40d12b116c5a",
        "GE3": "64a39ee4-d240-4a33-ad74-c92271cbd196",
        "GE4": "5a4bf38b-d5f2-46ee-83d5-5583da01d4e7",
        "GE5": "6feeec4f-9242-4b1d-af2a-b705cd3be33a",
        "GE6": "1504ee88-a65e-4d76-976a-6cf52be8c116",
        "GE7": "8ab42234-156c-4769-95b6-411762a3aef9",
        "GE8": "96955cfa-34b8-4710-931d-bb4f19df5de7",
        "GE9": "900b7389-22bf-45ea-8040-9f0da7e0cfd0",
        "GE10": "1be07516-1ae9-40d3-b927-92ef9a7088ed",
        "GE11": "11b4fdcb-aff9-4100-9ad3-b6c8de0a634f",
        "GE12": "ded5b487-69a4-4257-9a52-2cde61bf83cf",
        "GE13": "a9abeed1-6c57-4dfe-9589-883fb6af97b7",
        "GE14": "ff650b85-ab79-4f40-a2c0-0c165d5b293e",
        "GE15": "a8738c54-a3db-4776-bd2b-ebf140cccbf5"
    }
}