{
    "id": "7a2e8310-b7aa-412e-9e29-babfb925e0e1",
    "itemsData": [
        {
            "id": "4be75554-2759-4dab-9b31-56ee86d5b64d",
            "group": "7f4094ae-cee4-4715-8751-e43501b35236",
            "code": "pages",
            "name": "Pages",
            "type": "NUMBER",
            "typeConfig": {},
            "description": "",
            "color": "",
            "textColor": "",
            "filterType": "range",
            "version": "53d9cfb1-2507-4889-85f7-bc457114e9db"
        }
    ],
    "groupData": {
        "id": "7f4094ae-cee4-4715-8751-e43501b35236",
        "name": "Manga"
    },
    "name": "Manga",
    "version": "55ba6278-4431-42b9-8f35-8fe653656e0b",
    "remotePath": "packs/meta-options/7f4094ae-cee4-4715-8751-e43501b35236.zip",
    "contentType": "meta_options",
    "remoteDependencies": null
}