{
    "id": "7a2e8310-b7aa-412e-9e29-babfb925e0e1",
    "itemsData": [
        {
            "id": "4be75554-2759-4dab-9b31-56ee86d5b64d",
            "group": "7f4094ae-cee4-4715-8751-e43501b35236",
            "code": "pages",
            "name": "Pages",
            "type": "NUMBER",
            "typeConfig": {},
            "description": "",
            "color": "",
            "textColor": "",
            "filterType": "range",
            "version": "2f756021-d111-469b-8403-51c23fc63761"
        }
    ],
    "groupData": {
        "id": "7f4094ae-cee4-4715-8751-e43501b35236",
        "name": "Manga"
    },
    "name": "Manga",
    "version": "6d801d72-b23a-48fc-8507-1d07593901f3",
    "remotePath": "packs/meta-options/7f4094ae-cee4-4715-8751-e43501b35236.zip",
    "contentType": "meta_options",
    "remoteDependencies": null
}