{
    "id": "3f1900a5-9b28-4c30-ab8a-2e45bb7a64a9",
    "itemsData": [
        {
            "id": "f96df13c-e681-43ca-ae11-8698fe729f17",
            "group": "5d33f447-2fea-45ff-a122-a68f0bcddb97",
            "code": "releaseDate",
            "name": "Release Date",
            "type": "TEXT",
            "typeConfig": {},
            "description": "",
            "color": "",
            "textColor": "",
            "filterType": "range",
            "version": "78610ceb-1b07-4f97-a144-c4ea839648f7"
        },
        {
            "id": "849c5208-908f-4d2b-ba51-d3cb81c98f77",
            "group": "5d33f447-2fea-45ff-a122-a68f0bcddb97",
            "code": "updateDate",
            "name": "Update Date",
            "type": "TEXT",
            "typeConfig": {},
            "description": "",
            "color": "",
            "textColor": "",
            "filterType": "range",
            "version": "125b1eb4-8684-444f-bd48-541f9b1be884"
        },
        {
            "id": "dfa765f3-6ec0-4cab-8234-fe2f7c61bd94",
            "group": "5d33f447-2fea-45ff-a122-a68f0bcddb97",
            "code": "language",
            "name": "Language",
            "type": "SELECT",
            "typeConfig": {
                "dataBucketId": "09967fb9-f4f4-4a61-ab25-6a73c0cffea7",
                "isMultiple": true,
                "options": []
            },
            "description": "",
            "color": "",
            "textColor": "",
            "filterType": "select",
            "version": "729875e7-19ae-44ed-9e7a-539112ca69a9"
        },
        {
            "id": "7dd6e381-d4c0-444e-89bb-ced4e0c75f33",
            "group": "5d33f447-2fea-45ff-a122-a68f0bcddb97",
            "code": "developerPublisher",
            "name": "Developer/Publisher",
            "type": "SELECT",
            "typeConfig": {
                "dataBucketId": null,
                "isMultiple": true,
                "options": []
            },
            "description": "",
            "color": "",
            "textColor": "",
            "filterType": "select",
            "version": "5216431a-e1d0-4bc8-895e-a669611984ae"
        },
        {
            "id": "c78ec9cb-f2c5-448c-8ecc-ec5bd65dd6d6",
            "group": "5d33f447-2fea-45ff-a122-a68f0bcddb97",
            "code": "year",
            "name": "Year",
            "type": "TEXT",
            "typeConfig": {},
            "description": "",
            "color": "",
            "textColor": "",
            "filterType": "range",
            "version": "06ea64cd-9a24-4519-8c8b-ec69f3675b83"
        },
        {
            "id": "be8f8729-de5c-49de-9b64-2a518cfd6408",
            "group": "5d33f447-2fea-45ff-a122-a68f0bcddb97",
            "code": "subtitlesLanguage",
            "name": "Subtitles language",
            "type": "SELECT",
            "typeConfig": {
                "dataBucketId": "09967fb9-f4f4-4a61-ab25-6a73c0cffea7",
                "isMultiple": true,
                "options": []
            },
            "description": "",
            "color": "",
            "textColor": "",
            "filterType": "select",
            "version": "90a87add-5c80-44f8-89d9-3710df6c7771"
        },
        {
            "id": "b608bbf0-418f-44ef-9e91-30974a8d4b63",
            "group": "5d33f447-2fea-45ff-a122-a68f0bcddb97",
            "code": "artist",
            "name": "Artist",
            "type": "SELECT",
            "typeConfig": {
                "dataBucketId": null,
                "isMultiple": true,
                "options": []
            },
            "description": "",
            "color": "",
            "textColor": "",
            "filterType": "select",
            "version": "20fb7a8c-75bb-48b7-8761-5730e3091646"
        },
        {
            "id": "472ac889-d408-4298-a5a8-70aa9959225b",
            "group": "5d33f447-2fea-45ff-a122-a68f0bcddb97",
            "code": "character",
            "name": "Character",
            "type": "SELECT",
            "typeConfig": {
                "dataBucketId": null,
                "isMultiple": true,
                "options": []
            },
            "description": "",
            "color": "",
            "textColor": "",
            "filterType": "select",
            "version": "7b421ca9-f184-4ac7-a3a8-5e983aabf0f2"
        },
        {
            "id": "4662262f-c7ee-407b-bbe9-01f17b92b4d7",
            "group": "5d33f447-2fea-45ff-a122-a68f0bcddb97",
            "code": "parody",
            "name": "Parody",
            "type": "TEXT",
            "typeConfig": {},
            "description": "",
            "color": "",
            "textColor": "",
            "filterType": "select",
            "version": "61fb37b6-14e7-4961-abae-2ab972d466af"
        },
        {
            "id": "80ee6485-9819-4d82-abfc-991a558663d7",
            "group": "5d33f447-2fea-45ff-a122-a68f0bcddb97",
            "code": "series",
            "name": "Series",
            "type": "TEXT",
            "typeConfig": {},
            "description": "",
            "color": "",
            "textColor": "",
            "filterType": "select",
            "version": "1abc3ec2-25d0-4e7b-b740-6aafbaaa877f"
        },
        {
            "id": "ff272c07-e8a9-4523-ba63-0c4d09cf458d",
            "group": "5d33f447-2fea-45ff-a122-a68f0bcddb97",
            "code": "author",
            "name": "Author",
            "type": "TEXT",
            "typeConfig": {},
            "description": "",
            "color": "",
            "textColor": "",
            "filterType": "select",
            "version": "c51212b4-effc-4ae1-ae74-79f8b2517cb0"
        }
    ],
    "groupData": {
        "id": "5d33f447-2fea-45ff-a122-a68f0bcddb97",
        "name": "Common"
    },
    "name": "Common",
    "version": "017d04ff-1dcd-4721-9742-2112a0c815f9",
    "remotePath": "packs/meta-options/5d33f447-2fea-45ff-a122-a68f0bcddb97.zip",
    "contentType": "meta_options",
    "remoteDependencies": {
        "dataBuckets": [
            {
                "id": "20183fe9-a177-4769-b0ea-1d591574e350",
                "remoteBaseUrl": "https://github.com/SmartManager7/smart-manager-remote-storage-STG",
                "remotePath": "packs/data-buckets/bc69580c-6663-43fa-85a6-38650ff7423e.zip"
            }
        ]
    }
}