{
    "id": "3f1900a5-9b28-4c30-ab8a-2e45bb7a64a9",
    "itemsData": [
        {
            "id": "f96df13c-e681-43ca-ae11-8698fe729f17",
            "group": "5d33f447-2fea-45ff-a122-a68f0bcddb97",
            "code": "releaseDate",
            "name": "Release Date",
            "type": "TEXT",
            "typeConfig": {},
            "description": "",
            "color": "",
            "textColor": "",
            "filterType": "range",
            "version": "100a6323-de5a-4d37-bb56-c6205177eb3b"
        },
        {
            "id": "849c5208-908f-4d2b-ba51-d3cb81c98f77",
            "group": "5d33f447-2fea-45ff-a122-a68f0bcddb97",
            "code": "updateDate",
            "name": "Update Date",
            "type": "TEXT",
            "typeConfig": {},
            "description": "",
            "color": "",
            "textColor": "",
            "filterType": "range",
            "version": "181417f6-6b35-4793-b237-63460f7f8321"
        },
        {
            "id": "dfa765f3-6ec0-4cab-8234-fe2f7c61bd94",
            "group": "5d33f447-2fea-45ff-a122-a68f0bcddb97",
            "code": "language",
            "name": "Language",
            "type": "SELECT",
            "typeConfig": {
                "dataBucketId": "09967fb9-f4f4-4a61-ab25-6a73c0cffea7",
                "isMultiple": true,
                "options": []
            },
            "description": "",
            "color": "",
            "textColor": "",
            "filterType": "select",
            "version": "ebbcb608-b2c1-4d4c-b528-0bdfa734c697"
        },
        {
            "id": "7dd6e381-d4c0-444e-89bb-ced4e0c75f33",
            "group": "5d33f447-2fea-45ff-a122-a68f0bcddb97",
            "code": "developerPublisher",
            "name": "Developer/Publisher",
            "type": "SELECT",
            "typeConfig": {
                "dataBucketId": null,
                "isMultiple": true,
                "options": []
            },
            "description": "",
            "color": "",
            "textColor": "",
            "filterType": "select",
            "version": "4e7fcfe3-d101-4098-8acc-fef8057e0442"
        },
        {
            "id": "c78ec9cb-f2c5-448c-8ecc-ec5bd65dd6d6",
            "group": "5d33f447-2fea-45ff-a122-a68f0bcddb97",
            "code": "year",
            "name": "Year",
            "type": "TEXT",
            "typeConfig": {},
            "description": "",
            "color": "",
            "textColor": "",
            "filterType": "range",
            "version": "14d66465-d6f7-452e-9a86-ab2d9526a68e"
        },
        {
            "id": "be8f8729-de5c-49de-9b64-2a518cfd6408",
            "group": "5d33f447-2fea-45ff-a122-a68f0bcddb97",
            "code": "subtitlesLanguage",
            "name": "Subtitles language",
            "type": "SELECT",
            "typeConfig": {
                "dataBucketId": "09967fb9-f4f4-4a61-ab25-6a73c0cffea7",
                "isMultiple": true,
                "options": []
            },
            "description": "",
            "color": "",
            "textColor": "",
            "filterType": "select",
            "version": "837fa1b3-b68d-4df4-a145-3911facce64c"
        },
        {
            "id": "b608bbf0-418f-44ef-9e91-30974a8d4b63",
            "group": "5d33f447-2fea-45ff-a122-a68f0bcddb97",
            "code": "artist",
            "name": "Artist",
            "type": "SELECT",
            "typeConfig": {
                "dataBucketId": null,
                "isMultiple": true,
                "options": []
            },
            "description": "",
            "color": "",
            "textColor": "",
            "filterType": "select",
            "version": "3a9349a1-b7e5-44c0-a10c-6bc8a50d7f26"
        },
        {
            "id": "472ac889-d408-4298-a5a8-70aa9959225b",
            "group": "5d33f447-2fea-45ff-a122-a68f0bcddb97",
            "code": "character",
            "name": "Character",
            "type": "SELECT",
            "typeConfig": {
                "dataBucketId": null,
                "isMultiple": true,
                "options": []
            },
            "description": "",
            "color": "",
            "textColor": "",
            "filterType": "select",
            "version": "83f97352-f837-458c-a1bb-6e54f7ce1e3c"
        },
        {
            "id": "4662262f-c7ee-407b-bbe9-01f17b92b4d7",
            "group": "5d33f447-2fea-45ff-a122-a68f0bcddb97",
            "code": "parody",
            "name": "Parody",
            "type": "TEXT",
            "typeConfig": {},
            "description": "",
            "color": "",
            "textColor": "",
            "filterType": "select",
            "version": "2f041269-92f5-46d7-a1f5-45cad16e63c7"
        },
        {
            "id": "80ee6485-9819-4d82-abfc-991a558663d7",
            "group": "5d33f447-2fea-45ff-a122-a68f0bcddb97",
            "code": "series",
            "name": "Series",
            "type": "TEXT",
            "typeConfig": {},
            "description": "",
            "color": "",
            "textColor": "",
            "filterType": "select",
            "version": "91722200-aed3-4bed-a637-22150bfca1d4"
        },
        {
            "id": "ff272c07-e8a9-4523-ba63-0c4d09cf458d",
            "group": "5d33f447-2fea-45ff-a122-a68f0bcddb97",
            "code": "author",
            "name": "Author",
            "type": "TEXT",
            "typeConfig": {},
            "description": "",
            "color": "",
            "textColor": "",
            "filterType": "select",
            "version": "e7e77f58-fa71-4617-94b4-1005aced5181"
        }
    ],
    "groupData": {
        "id": "5d33f447-2fea-45ff-a122-a68f0bcddb97",
        "name": "Common"
    },
    "name": "Common",
    "version": "3be11bc8-abac-4914-a4cb-d1b817c1ecfa",
    "remotePath": "packs/meta-options/5d33f447-2fea-45ff-a122-a68f0bcddb97.zip",
    "contentType": "meta_options",
    "remoteDependencies": {
        "dataBuckets": [
            {
                "id": "20183fe9-a177-4769-b0ea-1d591574e350",
                "remoteBaseUrl": "https://github.com/SmartManager7/smart-manager-remote-storage-STG",
                "remotePath": "packs/data-buckets/bc69580c-6663-43fa-85a6-38650ff7423e.zip"
            }
        ]
    }
}