{
    "id": "9572c4f3-66a9-427f-b1d4-a48d815c53d5",
    "itemsData": [
        {
            "id": "aca1bbe3-55c5-4953-8715-af1a64625e51",
            "group": "1f98e9e8-31e9-48af-a866-6345ea94879f",
            "name": "Saves Sync",
            "contentType": "399f2c79-c6c5-4340-b347-8386b2bf18ff",
            "content": {
                "content": {
                    "component": "template",
                    "componentId": "399f2c79-c6c5-4340-b347-8386b2bf18ff",
                    "content": [
                        {
                            "baseFolderPath": "",
                            "buttonText": "",
                            "component": "sync-folder",
                            "componentId": "0910a17b-3a31-4eb8-a5a0-42acdafbe128",
                            "customClass": "",
                            "id": "6ccaeb58-8f04-426a-9f86-2cb3ada0c44e",
                            "marginBottom": "20",
                            "marginLeft": "",
                            "marginRight": "",
                            "marginTop": "",
                            "paddingBottom": "",
                            "paddingLeft": "",
                            "paddingRight": "",
                            "paddingTop": "",
                            "publicKey": "",
                            "targetFolderPath": "",
                            "title": "Saves synchronization"
                        }
                    ],
                    "id": "3ab91579-c766-4652-8094-134838c55917"
                },
                "id": "3c3e4885-6a14-4cd9-b7a6-5c630155122a"
            },
            "version": "b17f9565-442b-4a4b-98fc-99a33f265d31"
        },
        {
            "id": "8ebd50f1-f917-4d85-b9e1-fb0124e59710",
            "group": "1f98e9e8-31e9-48af-a866-6345ea94879f",
            "name": "MG_1",
            "contentType": "399f2c79-c6c5-4340-b347-8386b2bf18ff",
            "content": {
                "id": "dfdf5732-cb30-456f-ac5f-04ccbe76c504",
                "content": {
                    "id": "3fb40ec4-52de-4f09-bdef-fade501f3c79",
                    "component": "template",
                    "componentId": "399f2c79-c6c5-4340-b347-8386b2bf18ff",
                    "content": [
                        {
                            "id": "b80458d6-9e1d-4194-b56d-c436c2a7d189",
                            "componentId": "1e71d137-4ea9-471a-9332-b4aae5e6bda9",
                            "component": "rich-text",
                            "position": "",
                            "text": null,
                            "marginLeft": "",
                            "marginTop": "",
                            "marginRight": "",
                            "marginBottom": "",
                            "paddingLeft": "",
                            "paddingTop": "",
                            "paddingRight": "",
                            "paddingBottom": "",
                            "customClass": "",
                            "publicKey": "MG_1_DESCRIPTION"
                        },
                        {
                            "id": "a1dd2110-f7fe-4e30-8be8-d966c841a2c1",
                            "componentId": "272b58c7-f454-4d7f-93f2-d736c1d67ce5",
                            "component": "manga-reader",
                            "marginLeft": "",
                            "marginTop": "",
                            "marginRight": "",
                            "marginBottom": "",
                            "paddingLeft": "",
                            "paddingTop": "",
                            "paddingRight": "",
                            "paddingBottom": "",
                            "directory": "",
                            "publicKey": "MG_1_MANGA_READER",
                            "customClass": "",
                            "volumes": false,
                            "name": "",
                            "readerSettings": "",
                            "mangaData": "",
                            "type": "",
                            "sourceId": "",
                            "subName": "",
                            "numberOfChapters": "",
                            "numberOfUnreadChapters": ""
                        }
                    ]
                }
            },
            "version": "0e82f804-765f-495a-bdf8-5eb71261e016"
        }
    ],
    "groupData": {
        "id": "1f98e9e8-31e9-48af-a866-6345ea94879f",
        "name": "Common",
        "editable": true,
        "deletable": true
    },
    "name": "Common",
    "version": "925679b1-c16f-409e-b7f0-ba7c14e19c37",
    "contentType": "templates",
    "remotePath": "packs/templates/1f98e9e8-31e9-48af-a866-6345ea94879f.zip"
}