{
    "id": "9572c4f3-66a9-427f-b1d4-a48d815c53d5",
    "name": "Common",
    "remoteBaseUrl": "https://github.com/SmartManager7/smart-manager-remote-storage-STG",
    "remotePath": "packs/templates/1f98e9e8-31e9-48af-a866-6345ea94879f.zip",
    "version": "f59e9323-046b-4f97-9a7b-60aef86e3a94",
    "itemsVersions": {
        "aca1bbe3-55c5-4953-8715-af1a64625e51": "b325076c-554e-41f7-8f73-5133e07d8219",
        "8ebd50f1-f917-4d85-b9e1-fb0124e59710": "e9461558-3c2e-4f13-98cb-284d1f1ea5e0"
    }
}