{
    "id": "bb6e2585-6599-434a-bd94-6107370d1764",
    "itemsData": [
        {
            "id": "782996b5-7ad8-4d2b-8c16-5d07c4d04b25",
            "group": "c70b4796-d7ab-4b55-8dcd-c4aeb387f645",
            "name": "Game",
            "description": "",
            "color": "rgb(248, 3, 3)",
            "textColor": "rgb(255, 255, 255)",
            "bgImage": "",
            "tooltip": "",
            "ratio": null,
            "emptyValueHide": false,
            "textHide": false,
            "metaOption": null,
            "template": null,
            "version": "ce53fdff-2c92-49fc-8c5c-daa042eb8e48"
        },
        {
            "id": "f4d4252f-e5c1-490e-9ade-90c85614411a",
            "group": "c70b4796-d7ab-4b55-8dcd-c4aeb387f645",
            "name": "Video",
            "description": "",
            "color": "rgb(191, 0, 255)",
            "textColor": "rgb(255, 255, 255)",
            "bgImage": "",
            "tooltip": "",
            "ratio": null,
            "emptyValueHide": false,
            "textHide": false,
            "metaOption": null,
            "template": null,
            "version": "d9aa1e8c-cdbe-4f69-be9b-e5354dd9f535"
        },
        {
            "id": "a5319e36-60af-43c8-8a6c-2604d7ac7e5e",
            "group": "c70b4796-d7ab-4b55-8dcd-c4aeb387f645",
            "name": "Manga",
            "description": "",
            "color": "rgb(29, 255, 0)",
            "textColor": "rgb(0, 0, 0)",
            "bgImage": "",
            "tooltip": "",
            "ratio": null,
            "emptyValueHide": false,
            "textHide": false,
            "metaOption": null,
            "template": null,
            "version": "20a9c9a0-bce8-49ef-b5ca-1eff2fef611a"
        },
        {
            "id": "eb2c2743-a3de-4bdd-944f-b3882fa600cb",
            "group": "c70b4796-d7ab-4b55-8dcd-c4aeb387f645",
            "name": "Comics",
            "description": "",
            "color": "rgb(255, 248, 0)",
            "textColor": "rgb(0, 0, 0)",
            "bgImage": "",
            "tooltip": "",
            "ratio": null,
            "emptyValueHide": false,
            "textHide": false,
            "metaOption": null,
            "template": null,
            "version": "9f1ff3bd-deaf-407a-ae43-260ce1bc8dff"
        }
    ],
    "groupData": {
        "id": "c70b4796-d7ab-4b55-8dcd-c4aeb387f645",
        "name": "Content types"
    },
    "name": "Content types",
    "version": "9328b236-a7d6-4c39-ae3a-2b463b846c45",
    "remotePath": "c70b4796-d7ab-4b55-8dcd-c4aeb387f645.zip",
    "contentType": "labels",
    "remoteDependencies": null
}