{
    "id": "8f6d7745-4bf5-4105-a86b-3a9279287eb1",
    "name": "Content types",
    "remoteBaseUrl": "https://github.com/SmartManager7/smart-manager-remote-storage-STG",
    "remotePath": "c70b4796-d7ab-4b55-8dcd-c4aeb387f645.zip",
    "version": "dc501b94-bce8-408a-979a-fd3352ee1db8",
    "remoteDependencies": null,
    "itemsVersions": {
        "782996b5-7ad8-4d2b-8c16-5d07c4d04b25": "ce53fdff-2c92-49fc-8c5c-daa042eb8e48",
        "f4d4252f-e5c1-490e-9ade-90c85614411a": "d9aa1e8c-cdbe-4f69-be9b-e5354dd9f535",
        "a5319e36-60af-43c8-8a6c-2604d7ac7e5e": "20a9c9a0-bce8-49ef-b5ca-1eff2fef611a",
        "eb2c2743-a3de-4bdd-944f-b3882fa600cb": "9f1ff3bd-deaf-407a-ae43-260ce1bc8dff"
    }
}