{
    "id": "25fa84fe-3149-4336-a9e8-3ea00ececbba",
    "itemsData": [
        {
            "id": "9b9efdb2-8a8a-4807-a1e8-2d5aaaf55c5f",
            "group": "3d1d491e-80c6-4b42-8e00-4c58fbe70c79",
            "name": "Number of chapters",
            "description": "",
            "color": "rgb(88, 236, 86)",
            "textColor": "rgb(255, 255, 255)",
            "bgImage": null,
            "tooltip": null,
            "ratio": null,
            "emptyValueHide": true,
            "textHide": null,
            "metaOption": null,
            "template": "8ebd50f1-f917-4d85-b9e1-fb0124e59710",
            "templatePublicKey": "MG_1_MANGA_READER",
            "templateProp": "numberOfChapters",
            "version": "ac08fc1c-73ee-4bd2-b3a9-84932acdbb7d"
        },
        {
            "id": "df2e79b9-9c33-42eb-a4e8-6bdd9102340b",
            "group": "3d1d491e-80c6-4b42-8e00-4c58fbe70c79",
            "name": "Number of unread chapters",
            "description": "",
            "color": "rgb(50, 76, 232)",
            "textColor": "rgb(255, 255, 255)",
            "bgImage": null,
            "tooltip": null,
            "ratio": null,
            "emptyValueHide": true,
            "textHide": null,
            "metaOption": null,
            "template": "8ebd50f1-f917-4d85-b9e1-fb0124e59710",
            "templatePublicKey": "MG_1_MANGA_READER",
            "templateProp": "numberOfUnreadChapters",
            "version": "2518ab32-7bc4-4c9d-b23d-249d21cc8de1"
        }
    ],
    "groupData": {
        "id": "3d1d491e-80c6-4b42-8e00-4c58fbe70c79",
        "name": "Manga labels"
    },
    "name": "Manga labels",
    "version": "7424b9af-e465-4f03-98b7-7b20f763d066",
    "remotePath": "packs/labels/3d1d491e-80c6-4b42-8e00-4c58fbe70c79.zip",
    "contentType": "labels",
    "remoteDependencies": {
        "templates": [
            {
                "id": "9572c4f3-66a9-427f-b1d4-a48d815c53d5",
                "remoteBaseUrl": "https://github.com/SmartManager7/smart-manager-remote-storage-STG",
                "remotePath": "packs/templates/1f98e9e8-31e9-48af-a866-6345ea94879f.zip"
            }
        ],
        "metaOptions": null,
        "dataBuckets": null
    }
}