{
    "id": "25fa84fe-3149-4336-a9e8-3ea00ececbba",
    "name": "Manga labels",
    "remoteBaseUrl": "https://github.com/SmartManager7/smart-manager-remote-storage-STG",
    "remotePath": "packs/labels/3d1d491e-80c6-4b42-8e00-4c58fbe70c79.zip",
    "version": "ff190e51-e309-4ccd-a5e1-fc5769d34e9c",
    "remoteDependencies": {
        "templates": [
            {
                "id": "9572c4f3-66a9-427f-b1d4-a48d815c53d5",
                "remoteBaseUrl": "https://github.com/SmartManager7/smart-manager-remote-storage-STG",
                "remotePath": "packs/templates/1f98e9e8-31e9-48af-a866-6345ea94879f.zip"
            }
        ],
        "metaOptions": null,
        "dataBuckets": null
    },
    "itemsVersions": {
        "9b9efdb2-8a8a-4807-a1e8-2d5aaaf55c5f": "d06d24a8-590d-4f5c-9a85-62db3b983daf",
        "df2e79b9-9c33-42eb-a4e8-6bdd9102340b": "7e58aae7-094a-46cd-b873-d8bb29259d48"
    }
}