{
    "id": "20183fe9-a177-4769-b0ea-1d591574e350",
    "itemsData": [
        {
            "id": "09967fb9-f4f4-4a61-ab25-6a73c0cffea7",
            "group": "bc69580c-6663-43fa-85a6-38650ff7423e",
            "name": "Language",
            "type": "select_options",
            "typeConfig": [
                {
                    "id": "10b6ad0f-28f6-46f0-9cc1-71927f60a4a3",
                    "name": "English",
                    "value": "lang_eng"
                },
                {
                    "id": "48955051-9c9e-4625-91e8-3b05e34d7122",
                    "name": "Ukrainian",
                    "value": "lang_ukr"
                },
                {
                    "id": "22f73d82-a14a-4705-80b4-64f9ef322f96",
                    "name": "Russian",
                    "value": "lang_rus"
                },
                {
                    "id": "8b9e843d-0089-4fa6-8fac-ca77f9237b31",
                    "name": "Japanese",
                    "value": "lang_jap"
                },
                {
                    "id": "f3681f9e-59bf-48ac-b89e-8f66ad6b34af",
                    "name": "Chinese",
                    "value": "lang_chi"
                },
                {
                    "id": "e7f63aaf-ea58-45c8-8c34-4c34775b8b11",
                    "name": "French",
                    "value": "lang_fr"
                },
                {
                    "id": "e7f63aaf-ea58-45c8-8c34-4c34775b8b12",
                    "name": "Italian",
                    "value": "lang_it"
                },
                {
                    "id": "e7f63aaf-ea58-45c8-8c34-4c34775b8b13",
                    "name": "Spanish",
                    "value": "lang_es"
                },
                {
                    "id": "e7f63aaf-ea58-45c8-8c34-4c34775b8b14",
                    "name": "Korean",
                    "value": "lang_kr"
                },
                {
                    "id": "e7f63aaf-ea58-45c8-8c34-4c34775b8b15",
                    "name": "Polish",
                    "value": "lang_pl"
                },
                {
                    "id": "eafd0a6c-1e03-49aa-a693-1a22cfd7fedc",
                    "name": "German",
                    "value": "lang_de"
                },
                {
                    "id": "9d88a10e-7cfc-4acb-9a90-1d7c13ff7832",
                    "name": "Simlish",
                    "value": "lang_simlish"
                },
                {
                    "id": "00b9475d-de0a-4cb0-b3f1-5a445b363094",
                    "name": "Original",
                    "value": "lang_original"
                },
                {
                    "id": "d8c2731b-fb04-4ab6-956d-b76f5d48ae13",
                    "name": "Unknown/missed",
                    "value": "lang_unknown"
                },
                {
                    "id": "e7f63aaf-ea58-45c8-8c34-4c34775b8b82",
                    "name": "Built in",
                    "value": "lang_built_in"
                }
            ],
            "description": "",
            "version": "b780f7a9-4948-4bdb-8148-ae99852759b7"
        }
    ],
    "groupData": {
        "id": "bc69580c-6663-43fa-85a6-38650ff7423e",
        "name": "Common"
    },
    "name": "Common",
    "version": "dadc99ee-94ca-4ecd-807c-920b9416d1cf",
    "contentType": "data_buckets",
    "remotePath": "packs/data-buckets/bc69580c-6663-43fa-85a6-38650ff7423e.zip"
}