{
    "id": "dd48e8c8-847e-469c-bec3-fac8f82d5a7d",
    "itemsData": [
        {
            "id": "MT1",
            "group": "1f78bc54-fb23-4697-b9d8-d42687ec6506",
            "displayName": "Comic",
            "color": "",
            "textColor": "",
            "icon": "",
            "avatar": "",
            "previewImage": "",
            "infoPopupOnHover": false,
            "version": "0951ea12-04f2-4560-8d38-0575e47b8ae7"
        },
        {
            "id": "MT2",
            "group": "1f78bc54-fb23-4697-b9d8-d42687ec6506",
            "displayName": "Variant set",
            "color": "",
            "textColor": "",
            "icon": "",
            "avatar": "",
            "previewImage": "",
            "infoPopupOnHover": false,
            "version": "ca2383ec-b29b-4a59-ba0b-aab9bc566cd4"
        },
        {
            "id": "MT3",
            "group": "1f78bc54-fb23-4697-b9d8-d42687ec6506",
            "displayName": "Multi work series",
            "color": "",
            "textColor": "",
            "icon": "",
            "avatar": "",
            "previewImage": "",
            "infoPopupOnHover": false,
            "version": "d873e656-dd43-41fc-b12c-ede4f05c67e7"
        },
        {
            "id": "MT4",
            "group": "1f78bc54-fb23-4697-b9d8-d42687ec6506",
            "displayName": "Western imageset",
            "color": "",
            "textColor": "",
            "icon": "",
            "avatar": "",
            "previewImage": "",
            "infoPopupOnHover": false,
            "version": "fa8c988f-b227-40dc-8cef-abce577254f8"
        },
        {
            "id": "MT5",
            "group": "1f78bc54-fb23-4697-b9d8-d42687ec6506",
            "displayName": "Tankoubon",
            "color": "",
            "textColor": "",
            "icon": "",
            "avatar": "",
            "previewImage": "",
            "infoPopupOnHover": false,
            "version": "f5b82914-c73b-49d3-b897-f0f018c6fb6f"
        },
        {
            "id": "MT6",
            "group": "1f78bc54-fb23-4697-b9d8-d42687ec6506",
            "displayName": "Western cg",
            "color": "",
            "textColor": "",
            "icon": "",
            "avatar": "",
            "previewImage": "",
            "infoPopupOnHover": false,
            "version": "284fe513-6faf-4b30-9733-ff0c68195ed7"
        },
        {
            "id": "MT7",
            "group": "1f78bc54-fb23-4697-b9d8-d42687ec6506",
            "displayName": "Novel",
            "color": "",
            "textColor": "",
            "icon": "",
            "avatar": "",
            "previewImage": "",
            "infoPopupOnHover": false,
            "version": "6bb7951f-e99e-4fec-94f6-4afc8561fa8d"
        },
        {
            "id": "MT8",
            "group": "1f78bc54-fb23-4697-b9d8-d42687ec6506",
            "displayName": "Artbook",
            "color": "",
            "textColor": "",
            "icon": "",
            "avatar": "",
            "previewImage": "",
            "infoPopupOnHover": false,
            "version": "8a683bd0-4455-4061-9a67-d2f34de71c29"
        },
        {
            "id": "MT9",
            "group": "1f78bc54-fb23-4697-b9d8-d42687ec6506",
            "displayName": "Screenshots",
            "color": "",
            "textColor": "",
            "icon": "",
            "avatar": "",
            "previewImage": "",
            "infoPopupOnHover": false,
            "version": "b07f9a6d-085c-4500-8c47-96bd0a802584"
        },
        {
            "id": "MT10",
            "group": "1f78bc54-fb23-4697-b9d8-d42687ec6506",
            "displayName": "Webtoon",
            "color": "",
            "textColor": "",
            "icon": "",
            "avatar": "",
            "previewImage": "",
            "infoPopupOnHover": false,
            "version": "c2c59448-2984-4ea1-b221-90d42e41b59e"
        },
        {
            "id": "MT11",
            "group": "1f78bc54-fb23-4697-b9d8-d42687ec6506",
            "displayName": "Compilation",
            "color": "",
            "textColor": "",
            "icon": "",
            "avatar": "",
            "previewImage": "",
            "infoPopupOnHover": false,
            "version": "edc335ad-9190-4464-aa6e-369cf1a7020c"
        },
        {
            "id": "MT12",
            "group": "1f78bc54-fb23-4697-b9d8-d42687ec6506",
            "displayName": "Watermarked",
            "color": "",
            "textColor": "",
            "icon": "",
            "avatar": "",
            "previewImage": "",
            "infoPopupOnHover": false,
            "version": "86bca125-1cac-48dd-9a97-c5f46f34ff4d"
        },
        {
            "id": "MT13",
            "group": "1f78bc54-fb23-4697-b9d8-d42687ec6506",
            "displayName": "Forbidden content",
            "color": "",
            "textColor": "",
            "icon": "",
            "avatar": "",
            "previewImage": "",
            "infoPopupOnHover": false,
            "version": "33372c4d-81ea-48ec-8f64-06ebf23a47c5"
        },
        {
            "id": "MT14",
            "group": "1f78bc54-fb23-4697-b9d8-d42687ec6506",
            "displayName": "AI generated",
            "color": "",
            "textColor": "",
            "icon": "",
            "avatar": "",
            "previewImage": "",
            "infoPopupOnHover": false,
            "version": "a3ee4849-67a5-49c1-927e-fb6a2fcd3362"
        },
        {
            "id": "MT15",
            "group": "1f78bc54-fb23-4697-b9d8-d42687ec6506",
            "displayName": "3d imageset",
            "color": "",
            "textColor": "",
            "icon": "",
            "avatar": "",
            "previewImage": "",
            "infoPopupOnHover": false,
            "version": "9945bbaf-cdce-4640-a3e8-93c745f35789"
        },
        {
            "id": "MT16",
            "group": "1f78bc54-fb23-4697-b9d8-d42687ec6506",
            "displayName": "Western",
            "color": "",
            "textColor": "",
            "icon": "",
            "avatar": "",
            "previewImage": "",
            "infoPopupOnHover": false,
            "version": "3332719a-9b44-4947-9876-370c5a3aaaaf"
        }
    ],
    "groupData": {
        "id": "1f78bc54-fb23-4697-b9d8-d42687ec6506",
        "name": "Manga types",
        "prefix": "MT"
    },
    "name": "Manga types",
    "version": "a432f5d7-75c6-4e23-b826-acc906dbddcf",
    "contentType": "tags",
    "remotePath": "packs/tags/1f78bc54-fb23-4697-b9d8-d42687ec6506.zip"
}