{
    "id": "dd48e8c8-847e-469c-bec3-fac8f82d5a7d",
    "itemsData": [
        {
            "id": "MT1",
            "group": "1f78bc54-fb23-4697-b9d8-d42687ec6506",
            "displayName": "Comic",
            "color": "",
            "textColor": "",
            "icon": "",
            "avatar": "",
            "previewImage": "",
            "infoPopupOnHover": false,
            "version": "d568dcad-4d39-46cf-8858-43e925b0ac88"
        },
        {
            "id": "MT2",
            "group": "1f78bc54-fb23-4697-b9d8-d42687ec6506",
            "displayName": "Variant set",
            "color": "",
            "textColor": "",
            "icon": "",
            "avatar": "",
            "previewImage": "",
            "infoPopupOnHover": false,
            "version": "7ab73df4-2483-40f2-a777-0e3bf7791136"
        },
        {
            "id": "MT3",
            "group": "1f78bc54-fb23-4697-b9d8-d42687ec6506",
            "displayName": "Multi work series",
            "color": "",
            "textColor": "",
            "icon": "",
            "avatar": "",
            "previewImage": "",
            "infoPopupOnHover": false,
            "version": "2f4baded-12b3-42c7-b9cf-72f8dc8b3837"
        },
        {
            "id": "MT4",
            "group": "1f78bc54-fb23-4697-b9d8-d42687ec6506",
            "displayName": "Western imageset",
            "color": "",
            "textColor": "",
            "icon": "",
            "avatar": "",
            "previewImage": "",
            "infoPopupOnHover": false,
            "version": "1ee27c34-3d69-44f2-866d-b80dedbe022e"
        },
        {
            "id": "MT5",
            "group": "1f78bc54-fb23-4697-b9d8-d42687ec6506",
            "displayName": "Tankoubon",
            "color": "",
            "textColor": "",
            "icon": "",
            "avatar": "",
            "previewImage": "",
            "infoPopupOnHover": false,
            "version": "8c1ec9e3-0960-4bea-bf77-bd465bfa77ca"
        },
        {
            "id": "MT6",
            "group": "1f78bc54-fb23-4697-b9d8-d42687ec6506",
            "displayName": "Western cg",
            "color": "",
            "textColor": "",
            "icon": "",
            "avatar": "",
            "previewImage": "",
            "infoPopupOnHover": false,
            "version": "17e81f90-d463-405a-9deb-e34785e99109"
        },
        {
            "id": "MT7",
            "group": "1f78bc54-fb23-4697-b9d8-d42687ec6506",
            "displayName": "Novel",
            "color": "",
            "textColor": "",
            "icon": "",
            "avatar": "",
            "previewImage": "",
            "infoPopupOnHover": false,
            "version": "44e71aca-2238-4e37-b881-bd10e8b5b607"
        },
        {
            "id": "MT8",
            "group": "1f78bc54-fb23-4697-b9d8-d42687ec6506",
            "displayName": "Artbook",
            "color": "",
            "textColor": "",
            "icon": "",
            "avatar": "",
            "previewImage": "",
            "infoPopupOnHover": false,
            "version": "e1e4d5f1-c496-4f9a-85a4-647a5fde1dc0"
        },
        {
            "id": "MT9",
            "group": "1f78bc54-fb23-4697-b9d8-d42687ec6506",
            "displayName": "Screenshots",
            "color": "",
            "textColor": "",
            "icon": "",
            "avatar": "",
            "previewImage": "",
            "infoPopupOnHover": false,
            "version": "b3ce2b01-8054-4545-bba0-226bfe8d7e6c"
        },
        {
            "id": "MT10",
            "group": "1f78bc54-fb23-4697-b9d8-d42687ec6506",
            "displayName": "Webtoon",
            "color": "",
            "textColor": "",
            "icon": "",
            "avatar": "",
            "previewImage": "",
            "infoPopupOnHover": false,
            "version": "6b927ab0-2845-463e-8d1d-793d2af7bf93"
        },
        {
            "id": "MT11",
            "group": "1f78bc54-fb23-4697-b9d8-d42687ec6506",
            "displayName": "Compilation",
            "color": "",
            "textColor": "",
            "icon": "",
            "avatar": "",
            "previewImage": "",
            "infoPopupOnHover": false,
            "version": "fb2b744a-705a-4a2c-b875-cfc19c5cd1d7"
        },
        {
            "id": "MT12",
            "group": "1f78bc54-fb23-4697-b9d8-d42687ec6506",
            "displayName": "Watermarked",
            "color": "",
            "textColor": "",
            "icon": "",
            "avatar": "",
            "previewImage": "",
            "infoPopupOnHover": false,
            "version": "a2ef148d-6af8-4def-b151-09e153d4a13d"
        },
        {
            "id": "MT13",
            "group": "1f78bc54-fb23-4697-b9d8-d42687ec6506",
            "displayName": "Forbidden content",
            "color": "",
            "textColor": "",
            "icon": "",
            "avatar": "",
            "previewImage": "",
            "infoPopupOnHover": false,
            "version": "cc200ec7-46ce-46d0-8722-20f98e2a7ab4"
        },
        {
            "id": "MT14",
            "group": "1f78bc54-fb23-4697-b9d8-d42687ec6506",
            "displayName": "AI generated",
            "color": "",
            "textColor": "",
            "icon": "",
            "avatar": "",
            "previewImage": "",
            "infoPopupOnHover": false,
            "version": "c224168a-8418-4a9d-9813-3c3d4ebffaf5"
        },
        {
            "id": "MT15",
            "group": "1f78bc54-fb23-4697-b9d8-d42687ec6506",
            "displayName": "3d imageset",
            "color": "",
            "textColor": "",
            "icon": "",
            "avatar": "",
            "previewImage": "",
            "infoPopupOnHover": false,
            "version": "53572803-0d2f-43f4-b8ad-c4fc1beba586"
        },
        {
            "id": "MT16",
            "group": "1f78bc54-fb23-4697-b9d8-d42687ec6506",
            "displayName": "Western",
            "color": "",
            "textColor": "",
            "icon": "",
            "avatar": "",
            "previewImage": "",
            "infoPopupOnHover": false,
            "version": "e8132857-cff6-43ba-a714-3b26a53c866e"
        }
    ],
    "groupData": {
        "id": "1f78bc54-fb23-4697-b9d8-d42687ec6506",
        "name": "Manga types",
        "prefix": "MT"
    },
    "name": "Manga types",
    "version": "da48d04b-d34d-4dba-846b-83f0e3ebf00e",
    "contentType": "tags",
    "remotePath": "packs/tags/1f78bc54-fb23-4697-b9d8-d42687ec6506.zip"
}