{
    "id": "dd48e8c8-847e-469c-bec3-fac8f82d5a7d",
    "name": "Manga types",
    "remoteBaseUrl": "https://github.com/SmartManager7/smart-manager-remote-storage-STG",
    "remotePath": "packs/tags/1f78bc54-fb23-4697-b9d8-d42687ec6506.zip",
    "version": "da48d04b-d34d-4dba-846b-83f0e3ebf00e",
    "itemsVersions": {
        "MT1": "d568dcad-4d39-46cf-8858-43e925b0ac88",
        "MT2": "7ab73df4-2483-40f2-a777-0e3bf7791136",
        "MT3": "2f4baded-12b3-42c7-b9cf-72f8dc8b3837",
        "MT4": "1ee27c34-3d69-44f2-866d-b80dedbe022e",
        "MT5": "8c1ec9e3-0960-4bea-bf77-bd465bfa77ca",
        "MT6": "17e81f90-d463-405a-9deb-e34785e99109",
        "MT7": "44e71aca-2238-4e37-b881-bd10e8b5b607",
        "MT8": "e1e4d5f1-c496-4f9a-85a4-647a5fde1dc0",
        "MT9": "b3ce2b01-8054-4545-bba0-226bfe8d7e6c",
        "MT10": "6b927ab0-2845-463e-8d1d-793d2af7bf93",
        "MT11": "fb2b744a-705a-4a2c-b875-cfc19c5cd1d7",
        "MT12": "a2ef148d-6af8-4def-b151-09e153d4a13d",
        "MT13": "cc200ec7-46ce-46d0-8722-20f98e2a7ab4",
        "MT14": "c224168a-8418-4a9d-9813-3c3d4ebffaf5",
        "MT15": "53572803-0d2f-43f4-b8ad-c4fc1beba586",
        "MT16": "e8132857-cff6-43ba-a714-3b26a53c866e"
    }
}