{
    "id": "b16b6ad7-58a1-46ca-924b-d67e6da84232",
    "itemsData": [
        {
            "id": "GT2",
            "group": "1121fe68-23e8-4a0a-a9ea-070186d25721",
            "displayName": "2DCG",
            "color": "",
            "textColor": "",
            "icon": "",
            "avatar": "",
            "previewImage": "",
            "infoPopupOnHover": false,
            "version": "1e21471f-709c-433d-bb58-06a6bb33dca3"
        },
        {
            "id": "GT4",
            "group": "1121fe68-23e8-4a0a-a9ea-070186d25721",
            "displayName": "3DCG",
            "color": "",
            "textColor": "",
            "icon": "",
            "avatar": "",
            "previewImage": "",
            "infoPopupOnHover": false,
            "version": "1602ea99-5484-4c69-9e55-6b5d79e6f82a"
        },
        {
            "id": "GT5",
            "group": "1121fe68-23e8-4a0a-a9ea-070186d25721",
            "displayName": "Fighting",
            "color": "",
            "textColor": "",
            "icon": "",
            "avatar": "",
            "previewImage": "",
            "infoPopupOnHover": false,
            "version": "1b8d410c-3e76-47b1-9315-7f0b098a8aa2"
        },
        {
            "id": "GT6",
            "group": "1121fe68-23e8-4a0a-a9ea-070186d25721",
            "displayName": "3rd person",
            "color": "",
            "textColor": "",
            "icon": "",
            "avatar": "",
            "previewImage": "",
            "infoPopupOnHover": false,
            "version": "608f81b5-a223-43cd-a325-4defd4d44a2a"
        },
        {
            "id": "GT7",
            "group": "1121fe68-23e8-4a0a-a9ea-070186d25721",
            "displayName": "Add-on",
            "color": "",
            "textColor": "",
            "icon": "",
            "avatar": "",
            "previewImage": "",
            "infoPopupOnHover": false,
            "version": "0491bdfa-6316-4725-bce1-05903c0cfc44"
        },
        {
            "id": "GT8",
            "group": "1121fe68-23e8-4a0a-a9ea-070186d25721",
            "displayName": "Arcade",
            "color": "",
            "textColor": "",
            "icon": "",
            "avatar": "",
            "previewImage": "",
            "infoPopupOnHover": false,
            "version": "904dc090-9e8b-496b-b38e-aca168ac1bde"
        },
        {
            "id": "GT9",
            "group": "1121fe68-23e8-4a0a-a9ea-070186d25721",
            "displayName": "Avatar",
            "color": "",
            "textColor": "",
            "icon": "",
            "avatar": "",
            "previewImage": "",
            "infoPopupOnHover": false,
            "version": "002d24d6-29a8-45fb-a7be-ed2b094f985f"
        },
        {
            "id": "GT10",
            "group": "1121fe68-23e8-4a0a-a9ea-070186d25721",
            "displayName": "Battlefuck",
            "color": "",
            "textColor": "",
            "icon": "",
            "avatar": "",
            "previewImage": "",
            "infoPopupOnHover": false,
            "version": "cbb7af0d-ac5a-4305-a72a-739a748c2d23"
        },
        {
            "id": "GT11",
            "group": "1121fe68-23e8-4a0a-a9ea-070186d25721",
            "displayName": "Board Game",
            "color": "",
            "textColor": "",
            "icon": "",
            "avatar": "",
            "previewImage": "",
            "infoPopupOnHover": false,
            "version": "d79c6d56-f6a0-49da-9004-df653fb4cb62"
        },
        {
            "id": "GT12",
            "group": "1121fe68-23e8-4a0a-a9ea-070186d25721",
            "displayName": "CG",
            "color": "",
            "textColor": "",
            "icon": "",
            "avatar": "",
            "previewImage": "",
            "infoPopupOnHover": false,
            "version": "b856075b-508a-4782-aae8-7d6eec9583a6"
        },
        {
            "id": "GT13",
            "group": "1121fe68-23e8-4a0a-a9ea-070186d25721",
            "displayName": "Card Battle RPG",
            "color": "",
            "textColor": "",
            "icon": "",
            "avatar": "",
            "previewImage": "",
            "infoPopupOnHover": false,
            "version": "9f94ff67-3b9e-4d3d-8d62-be5018204a21"
        },
        {
            "id": "GT14",
            "group": "1121fe68-23e8-4a0a-a9ea-070186d25721",
            "displayName": "Cards game",
            "color": "",
            "textColor": "",
            "icon": "",
            "avatar": "",
            "previewImage": "",
            "infoPopupOnHover": false,
            "version": "bf1adf14-68b9-49f4-b92e-47a827aac31b"
        },
        {
            "id": "GT15",
            "group": "1121fe68-23e8-4a0a-a9ea-070186d25721",
            "displayName": "Choice Based Novel",
            "color": "",
            "textColor": "",
            "icon": "",
            "avatar": "",
            "previewImage": "",
            "infoPopupOnHover": false,
            "version": "fc6e11bf-32d6-40b8-9822-c25a61188e42"
        },
        {
            "id": "GT16",
            "group": "1121fe68-23e8-4a0a-a9ea-070186d25721",
            "displayName": "Combat",
            "color": "",
            "textColor": "",
            "icon": "",
            "avatar": "",
            "previewImage": "",
            "infoPopupOnHover": false,
            "version": "6767aa38-e424-4949-9227-11b0d4365fe8"
        },
        {
            "id": "GT17",
            "group": "1121fe68-23e8-4a0a-a9ea-070186d25721",
            "displayName": "Constructor",
            "color": "",
            "textColor": "",
            "icon": "",
            "avatar": "",
            "previewImage": "",
            "infoPopupOnHover": false,
            "version": "b36e212a-f4db-4e85-b556-3b0509fdee25"
        },
        {
            "id": "GT18",
            "group": "1121fe68-23e8-4a0a-a9ea-070186d25721",
            "displayName": "Cross-section View",
            "color": "",
            "textColor": "",
            "icon": "",
            "avatar": "",
            "previewImage": "",
            "infoPopupOnHover": false,
            "version": "f4e6179b-e42b-4c2c-b6bf-a0719cffd4e8"
        },
        {
            "id": "GT19",
            "group": "1121fe68-23e8-4a0a-a9ea-070186d25721",
            "displayName": "DOT/Pixel",
            "color": "",
            "textColor": "",
            "icon": "",
            "avatar": "",
            "previewImage": "",
            "infoPopupOnHover": false,
            "version": "bac68ec3-23e2-49cc-adfb-2c1a7f8a8717"
        },
        {
            "id": "GT20",
            "group": "1121fe68-23e8-4a0a-a9ea-070186d25721",
            "displayName": "DVD PG",
            "color": "",
            "textColor": "",
            "icon": "",
            "avatar": "",
            "previewImage": "",
            "infoPopupOnHover": false,
            "version": "96cb1f73-49f2-40ef-8476-c3864b312677"
        },
        {
            "id": "GT21",
            "group": "1121fe68-23e8-4a0a-a9ea-070186d25721",
            "displayName": "Dark Souls",
            "color": "",
            "textColor": "",
            "icon": "",
            "avatar": "",
            "previewImage": "",
            "infoPopupOnHover": false,
            "version": "f0349987-9829-4edd-ae21-a08f85f29ccc"
        },
        {
            "id": "GT22",
            "group": "1121fe68-23e8-4a0a-a9ea-070186d25721",
            "displayName": "Data sim",
            "color": "",
            "textColor": "",
            "icon": "",
            "avatar": "",
            "previewImage": "",
            "infoPopupOnHover": false,
            "version": "bfa20227-00d0-466e-adab-28c375f4d4f3"
        },
        {
            "id": "GT23",
            "group": "1121fe68-23e8-4a0a-a9ea-070186d25721",
            "displayName": "Death",
            "color": "",
            "textColor": "",
            "icon": "",
            "avatar": "",
            "previewImage": "",
            "infoPopupOnHover": false,
            "version": "8d935cb8-60b3-4263-8dd1-9d4d82f0e250"
        },
        {
            "id": "GT24",
            "group": "1121fe68-23e8-4a0a-a9ea-070186d25721",
            "displayName": "Fallout",
            "color": "",
            "textColor": "",
            "icon": "",
            "avatar": "",
            "previewImage": "",
            "infoPopupOnHover": false,
            "version": "af5638ce-2656-421a-b960-31ff6cd06a52"
        },
        {
            "id": "GT25",
            "group": "1121fe68-23e8-4a0a-a9ea-070186d25721",
            "displayName": "GIF animations",
            "color": "",
            "textColor": "",
            "icon": "",
            "avatar": "",
            "previewImage": "",
            "infoPopupOnHover": false,
            "version": "bc65384f-cdda-44d1-83f9-372cc5a86e47"
        },
        {
            "id": "GT26",
            "group": "1121fe68-23e8-4a0a-a9ea-070186d25721",
            "displayName": "Gacha",
            "color": "",
            "textColor": "",
            "icon": "",
            "avatar": "",
            "previewImage": "",
            "infoPopupOnHover": false,
            "version": "eb8c2e00-92f0-45d7-98e7-c3b7ccc0fd5a"
        },
        {
            "id": "GT27",
            "group": "1121fe68-23e8-4a0a-a9ea-070186d25721",
            "displayName": "Game",
            "color": "",
            "textColor": "",
            "icon": "",
            "avatar": "",
            "previewImage": "",
            "infoPopupOnHover": false,
            "version": "383036d6-d6c1-41b5-a3b8-40aee292b2c2"
        },
        {
            "id": "GT28",
            "group": "1121fe68-23e8-4a0a-a9ea-070186d25721",
            "displayName": "Gay (Optional)",
            "color": "",
            "textColor": "",
            "icon": "",
            "avatar": "",
            "previewImage": "",
            "infoPopupOnHover": false,
            "version": "1485130e-7d37-43be-b7b1-ece2de8aace3"
        },
        {
            "id": "GT29",
            "group": "1121fe68-23e8-4a0a-a9ea-070186d25721",
            "displayName": "Genre",
            "color": "",
            "textColor": "",
            "icon": "",
            "avatar": "",
            "previewImage": "",
            "infoPopupOnHover": false,
            "version": "fa876fbf-f0ce-43dd-9857-18aecb8f11cd"
        },
        {
            "id": "GT30",
            "group": "1121fe68-23e8-4a0a-a9ea-070186d25721",
            "displayName": "Graphic violence",
            "color": "",
            "textColor": "",
            "icon": "",
            "avatar": "",
            "previewImage": "",
            "infoPopupOnHover": false,
            "version": "9d0b000f-664a-466b-a277-230fea28f9f2"
        },
        {
            "id": "GT31",
            "group": "1121fe68-23e8-4a0a-a9ea-070186d25721",
            "displayName": "Harem (No harem ending)",
            "color": "",
            "textColor": "",
            "icon": "",
            "avatar": "",
            "previewImage": "",
            "infoPopupOnHover": false,
            "version": "49a588a0-297a-4fb5-82b1-6206e94f92e0"
        },
        {
            "id": "GT32",
            "group": "1121fe68-23e8-4a0a-a9ea-070186d25721",
            "displayName": "Hermione",
            "color": "",
            "textColor": "",
            "icon": "",
            "avatar": "",
            "previewImage": "",
            "infoPopupOnHover": false,
            "version": "114cab59-f0e4-4782-aea5-9e3374d06943"
        },
        {
            "id": "GT33",
            "group": "1121fe68-23e8-4a0a-a9ea-070186d25721",
            "displayName": "Indie",
            "color": "",
            "textColor": "",
            "icon": "",
            "avatar": "",
            "previewImage": "",
            "infoPopupOnHover": false,
            "version": "79d639ff-3837-4bf7-91cd-04e2d5322961"
        },
        {
            "id": "GT34",
            "group": "1121fe68-23e8-4a0a-a9ea-070186d25721",
            "displayName": "Interactive",
            "color": "",
            "textColor": "",
            "icon": "",
            "avatar": "",
            "previewImage": "",
            "infoPopupOnHover": false,
            "version": "661ee6ed-4ae8-4d81-b0cc-050a35179753"
        },
        {
            "id": "GT35",
            "group": "1121fe68-23e8-4a0a-a9ea-070186d25721",
            "displayName": "JRPG",
            "color": "",
            "textColor": "",
            "icon": "",
            "avatar": "",
            "previewImage": "",
            "infoPopupOnHover": false,
            "version": "a1fa60fc-0835-44d7-b1ce-8f2fe2258293"
        },
        {
            "id": "GT36",
            "group": "1121fe68-23e8-4a0a-a9ea-070186d25721",
            "displayName": "Jasmine",
            "color": "",
            "textColor": "",
            "icon": "",
            "avatar": "",
            "previewImage": "",
            "infoPopupOnHover": false,
            "version": "baa2d3da-6529-49e6-9132-3237d2f497ab"
        },
        {
            "id": "GT37",
            "group": "1121fe68-23e8-4a0a-a9ea-070186d25721",
            "displayName": "League of Legends",
            "color": "",
            "textColor": "",
            "icon": "",
            "avatar": "",
            "previewImage": "",
            "infoPopupOnHover": false,
            "version": "e5382137-3913-4052-99c7-10d2a1578458"
        },
        {
            "id": "GT38",
            "group": "1121fe68-23e8-4a0a-a9ea-070186d25721",
            "displayName": "MMO",
            "color": "",
            "textColor": "",
            "icon": "",
            "avatar": "",
            "previewImage": "",
            "infoPopupOnHover": false,
            "version": "29aa2f27-0508-49f0-9301-c4448b37eb24"
        },
        {
            "id": "GT39",
            "group": "1121fe68-23e8-4a0a-a9ea-070186d25721",
            "displayName": "Mahjong",
            "color": "",
            "textColor": "",
            "icon": "",
            "avatar": "",
            "previewImage": "",
            "infoPopupOnHover": false,
            "version": "bcc0f619-7c0f-4ec2-8193-a4c6be6b8b37"
        },
        {
            "id": "GT40",
            "group": "1121fe68-23e8-4a0a-a9ea-070186d25721",
            "displayName": "Mahou Shoujo",
            "color": "",
            "textColor": "",
            "icon": "",
            "avatar": "",
            "previewImage": "",
            "infoPopupOnHover": false,
            "version": "d6707af4-0354-4b28-8020-1b5907549f82"
        },
        {
            "id": "GT41",
            "group": "1121fe68-23e8-4a0a-a9ea-070186d25721",
            "displayName": "Management",
            "color": "",
            "textColor": "",
            "icon": "",
            "avatar": "",
            "previewImage": "",
            "infoPopupOnHover": false,
            "version": "e87ff67d-1c28-4312-82a6-f1c3525b1bd9"
        },
        {
            "id": "GT42",
            "group": "1121fe68-23e8-4a0a-a9ea-070186d25721",
            "displayName": "Mini Games",
            "color": "",
            "textColor": "",
            "icon": "",
            "avatar": "",
            "previewImage": "",
            "infoPopupOnHover": false,
            "version": "bbbec0fc-d97c-4e94-9724-5e2a9d054a93"
        },
        {
            "id": "GT43",
            "group": "1121fe68-23e8-4a0a-a9ea-070186d25721",
            "displayName": "Models",
            "color": "",
            "textColor": "",
            "icon": "",
            "avatar": "",
            "previewImage": "",
            "infoPopupOnHover": false,
            "version": "91aba160-846a-4525-9579-d530fd44e50c"
        },
        {
            "id": "GT44",
            "group": "1121fe68-23e8-4a0a-a9ea-070186d25721",
            "displayName": "Mods",
            "color": "",
            "textColor": "",
            "icon": "",
            "avatar": "",
            "previewImage": "",
            "infoPopupOnHover": false,
            "version": "b2aa9f86-1491-40bc-9926-952583a8b9ae"
        },
        {
            "id": "GT45",
            "group": "1121fe68-23e8-4a0a-a9ea-070186d25721",
            "displayName": "Multiplayer",
            "color": "",
            "textColor": "",
            "icon": "",
            "avatar": "",
            "previewImage": "",
            "infoPopupOnHover": false,
            "version": "8a5269a2-0481-4532-8b85-11c43890d8aa"
        },
        {
            "id": "GT46",
            "group": "1121fe68-23e8-4a0a-a9ea-070186d25721",
            "displayName": "Multiple Endings",
            "color": "",
            "textColor": "",
            "icon": "",
            "avatar": "",
            "previewImage": "",
            "infoPopupOnHover": false,
            "version": "b3f0e72e-7699-41cb-906a-54c817b0fd41"
        },
        {
            "id": "GT47",
            "group": "1121fe68-23e8-4a0a-a9ea-070186d25721",
            "displayName": "Music play",
            "color": "",
            "textColor": "",
            "icon": "",
            "avatar": "",
            "previewImage": "",
            "infoPopupOnHover": false,
            "version": "1b3defd8-6cb2-4eb0-ab86-a6c2688c48c2"
        },
        {
            "id": "GT48",
            "group": "1121fe68-23e8-4a0a-a9ea-070186d25721",
            "displayName": "OculusRift",
            "color": "",
            "textColor": "",
            "icon": "",
            "avatar": "",
            "previewImage": "",
            "infoPopupOnHover": false,
            "version": "57dfe497-9929-42b5-a0fa-860d9139a36f"
        },
        {
            "id": "GT49",
            "group": "1121fe68-23e8-4a0a-a9ea-070186d25721",
            "displayName": "Online",
            "color": "",
            "textColor": "",
            "icon": "",
            "avatar": "",
            "previewImage": "",
            "infoPopupOnHover": false,
            "version": "9517ce9a-4fa0-48b7-b2e7-2d2ac08b33aa"
        },
        {
            "id": "GT50",
            "group": "1121fe68-23e8-4a0a-a9ea-070186d25721",
            "displayName": "Open World",
            "color": "",
            "textColor": "",
            "icon": "",
            "avatar": "",
            "previewImage": "",
            "infoPopupOnHover": false,
            "version": "4a761beb-457a-4905-909f-db0f9d380029"
        },
        {
            "id": "GT51",
            "group": "1121fe68-23e8-4a0a-a9ea-070186d25721",
            "displayName": "Optional",
            "color": "",
            "textColor": "",
            "icon": "",
            "avatar": "",
            "previewImage": "",
            "infoPopupOnHover": false,
            "version": "ca96983a-1fcb-4ad2-8bec-6bec129c0305"
        },
        {
            "id": "GT52",
            "group": "1121fe68-23e8-4a0a-a9ea-070186d25721",
            "displayName": "Platformer",
            "color": "",
            "textColor": "",
            "icon": "",
            "avatar": "",
            "previewImage": "",
            "infoPopupOnHover": false,
            "version": "f96f739f-55fa-4fdc-abb7-d1ea20dd385f"
        },
        {
            "id": "GT53",
            "group": "1121fe68-23e8-4a0a-a9ea-070186d25721",
            "displayName": "Point & click",
            "color": "",
            "textColor": "",
            "icon": "",
            "avatar": "",
            "previewImage": "",
            "infoPopupOnHover": false,
            "version": "2dde802a-43f6-45ef-868f-38f6ad3285d0"
        },
        {
            "id": "GT54",
            "group": "1121fe68-23e8-4a0a-a9ea-070186d25721",
            "displayName": "Pose Editor",
            "color": "",
            "textColor": "",
            "icon": "",
            "avatar": "",
            "previewImage": "",
            "infoPopupOnHover": false,
            "version": "71f5837b-bfe0-46a5-9eb4-6ce242daaca6"
        },
        {
            "id": "GT55",
            "group": "1121fe68-23e8-4a0a-a9ea-070186d25721",
            "displayName": "Puzzle",
            "color": "",
            "textColor": "",
            "icon": "",
            "avatar": "",
            "previewImage": "",
            "infoPopupOnHover": false,
            "version": "e18da8b6-123b-48b0-a68e-5ff199df103f"
        },
        {
            "id": "GT56",
            "group": "1121fe68-23e8-4a0a-a9ea-070186d25721",
            "displayName": "Quest",
            "color": "",
            "textColor": "",
            "icon": "",
            "avatar": "",
            "previewImage": "",
            "infoPopupOnHover": false,
            "version": "94ffe9c8-31b4-4a1c-ac74-15b0507785b1"
        },
        {
            "id": "GT57",
            "group": "1121fe68-23e8-4a0a-a9ea-070186d25721",
            "displayName": "Quiz",
            "color": "",
            "textColor": "",
            "icon": "",
            "avatar": "",
            "previewImage": "",
            "infoPopupOnHover": false,
            "version": "469d2023-1edb-44ad-92ba-b4a7355fdb3a"
        },
        {
            "id": "GT58",
            "group": "1121fe68-23e8-4a0a-a9ea-070186d25721",
            "displayName": "RPG",
            "color": "",
            "textColor": "",
            "icon": "",
            "avatar": "",
            "previewImage": "",
            "infoPopupOnHover": false,
            "version": "3a760e32-9157-4a9a-8ded-ae2e1b2a6d05"
        },
        {
            "id": "GT59",
            "group": "1121fe68-23e8-4a0a-a9ea-070186d25721",
            "displayName": "RTS",
            "color": "",
            "textColor": "",
            "icon": "",
            "avatar": "",
            "previewImage": "",
            "infoPopupOnHover": false,
            "version": "edd2e981-3939-4f58-ba68-274bef600dc7"
        },
        {
            "id": "GT60",
            "group": "1121fe68-23e8-4a0a-a9ea-070186d25721",
            "displayName": "Rastling",
            "color": "",
            "textColor": "",
            "icon": "",
            "avatar": "",
            "previewImage": "",
            "infoPopupOnHover": false,
            "version": "076b7b7d-5ec2-4b67-9b27-881b973eb479"
        },
        {
            "id": "GT61",
            "group": "1121fe68-23e8-4a0a-a9ea-070186d25721",
            "displayName": "River City Girls",
            "color": "",
            "textColor": "",
            "icon": "",
            "avatar": "",
            "previewImage": "",
            "infoPopupOnHover": false,
            "version": "97083e98-16cd-4364-942e-e53c5c855bba"
        },
        {
            "id": "GT62",
            "group": "1121fe68-23e8-4a0a-a9ea-070186d25721",
            "displayName": "Rogue-like",
            "color": "",
            "textColor": "",
            "icon": "",
            "avatar": "",
            "previewImage": "",
            "infoPopupOnHover": false,
            "version": "9600b19e-7e13-454a-babb-6a6fb2b48080"
        },
        {
            "id": "GT63",
            "group": "1121fe68-23e8-4a0a-a9ea-070186d25721",
            "displayName": "SLG",
            "color": "",
            "textColor": "",
            "icon": "",
            "avatar": "",
            "previewImage": "",
            "infoPopupOnHover": false,
            "version": "ebecddbd-af68-4be0-bd19-c93db78e50c9"
        },
        {
            "id": "GT64",
            "group": "1121fe68-23e8-4a0a-a9ea-070186d25721",
            "displayName": "SM",
            "color": "",
            "textColor": "",
            "icon": "",
            "avatar": "",
            "previewImage": "",
            "infoPopupOnHover": false,
            "version": "e625b6c3-408c-41a0-b047-7f81bf4427c0"
        },
        {
            "id": "GT65",
            "group": "1121fe68-23e8-4a0a-a9ea-070186d25721",
            "displayName": "SRPG",
            "color": "",
            "textColor": "",
            "icon": "",
            "avatar": "",
            "previewImage": "",
            "infoPopupOnHover": false,
            "version": "90f60049-53c9-48a8-b10d-382f4c154913"
        },
        {
            "id": "GT66",
            "group": "1121fe68-23e8-4a0a-a9ea-070186d25721",
            "displayName": "Sailor",
            "color": "",
            "textColor": "",
            "icon": "",
            "avatar": "",
            "previewImage": "",
            "infoPopupOnHover": false,
            "version": "60dbefde-b424-4846-b4a5-6ba7057d512c"
        },
        {
            "id": "GT67",
            "group": "1121fe68-23e8-4a0a-a9ea-070186d25721",
            "displayName": "Sandbox",
            "color": "",
            "textColor": "",
            "icon": "",
            "avatar": "",
            "previewImage": "",
            "infoPopupOnHover": false,
            "version": "dd1cb5fa-b459-409a-8aa6-1dd8b5a6f6ce"
        },
        {
            "id": "GT68",
            "group": "1121fe68-23e8-4a0a-a9ea-070186d25721",
            "displayName": "Sequel",
            "color": "",
            "textColor": "",
            "icon": "",
            "avatar": "",
            "previewImage": "",
            "infoPopupOnHover": false,
            "version": "b2625529-17a0-4644-aa7a-81cf7c1c84e2"
        },
        {
            "id": "GT69",
            "group": "1121fe68-23e8-4a0a-a9ea-070186d25721",
            "displayName": "Simulator",
            "color": "",
            "textColor": "",
            "icon": "",
            "avatar": "",
            "previewImage": "",
            "infoPopupOnHover": false,
            "version": "35091485-d0de-4848-9228-e18be59ecc7f"
        },
        {
            "id": "GT70",
            "group": "1121fe68-23e8-4a0a-a9ea-070186d25721",
            "displayName": "Shooter",
            "color": "",
            "textColor": "",
            "icon": "",
            "avatar": "",
            "previewImage": "",
            "infoPopupOnHover": false,
            "version": "ae90dc48-2525-444b-a7d1-70bc87c2b6f2"
        },
        {
            "id": "GT71",
            "group": "1121fe68-23e8-4a0a-a9ea-070186d25721",
            "displayName": "Side-Scroller",
            "color": "",
            "textColor": "",
            "icon": "",
            "avatar": "",
            "previewImage": "",
            "infoPopupOnHover": false,
            "version": "bfacd421-e2a0-40d1-93f9-162bee136a49"
        },
        {
            "id": "GT72",
            "group": "1121fe68-23e8-4a0a-a9ea-070186d25721",
            "displayName": "Singleplayer",
            "color": "",
            "textColor": "",
            "icon": "",
            "avatar": "",
            "previewImage": "",
            "infoPopupOnHover": false,
            "version": "df17aa8b-39da-440d-b94b-8546558723b3"
        },
        {
            "id": "GT73",
            "group": "1121fe68-23e8-4a0a-a9ea-070186d25721",
            "displayName": "Skyrim",
            "color": "",
            "textColor": "",
            "icon": "",
            "avatar": "",
            "previewImage": "",
            "infoPopupOnHover": false,
            "version": "4c30e05c-7a22-4344-b754-1ba9177b2e9a"
        },
        {
            "id": "GT74",
            "group": "1121fe68-23e8-4a0a-a9ea-070186d25721",
            "displayName": "Slasher",
            "color": "",
            "textColor": "",
            "icon": "",
            "avatar": "",
            "previewImage": "",
            "infoPopupOnHover": false,
            "version": "515770d2-0f0d-42c4-ad3f-a912f5f50cd3"
        },
        {
            "id": "GT75",
            "group": "1121fe68-23e8-4a0a-a9ea-070186d25721",
            "displayName": "Star Wars",
            "color": "",
            "textColor": "",
            "icon": "",
            "avatar": "",
            "previewImage": "",
            "infoPopupOnHover": false,
            "version": "8d095fe7-7060-46f8-a3a2-b143f51c748a"
        },
        {
            "id": "GT76",
            "group": "1121fe68-23e8-4a0a-a9ea-070186d25721",
            "displayName": "Strategy",
            "color": "",
            "textColor": "",
            "icon": "",
            "avatar": "",
            "previewImage": "",
            "infoPopupOnHover": false,
            "version": "25aa35dd-3734-45d6-95ce-2f75cea6d0f6"
        },
        {
            "id": "GT77",
            "group": "1121fe68-23e8-4a0a-a9ea-070186d25721",
            "displayName": "Tower Defense",
            "color": "",
            "textColor": "",
            "icon": "",
            "avatar": "",
            "previewImage": "",
            "infoPopupOnHover": false,
            "version": "c49f86e8-5998-4bde-997e-6553721bda72"
        },
        {
            "id": "GT78",
            "group": "1121fe68-23e8-4a0a-a9ea-070186d25721",
            "displayName": "TK17",
            "color": "",
            "textColor": "",
            "icon": "",
            "avatar": "",
            "previewImage": "",
            "infoPopupOnHover": false,
            "version": "81bbb139-42e5-42da-b03b-c76d5ac914db"
        },
        {
            "id": "GT79",
            "group": "1121fe68-23e8-4a0a-a9ea-070186d25721",
            "displayName": "TPS",
            "color": "",
            "textColor": "",
            "icon": "",
            "avatar": "",
            "previewImage": "",
            "infoPopupOnHover": false,
            "version": "fa48a28c-dcad-4057-a338-dcb6e815d4f5"
        },
        {
            "id": "GT80",
            "group": "1121fe68-23e8-4a0a-a9ea-070186d25721",
            "displayName": "TRPG",
            "color": "",
            "textColor": "",
            "icon": "",
            "avatar": "",
            "previewImage": "",
            "infoPopupOnHover": false,
            "version": "ff77a02d-a9a9-45c9-a2d8-8090e232f5b5"
        },
        {
            "id": "GT81",
            "group": "1121fe68-23e8-4a0a-a9ea-070186d25721",
            "displayName": "Tan",
            "color": "",
            "textColor": "",
            "icon": "",
            "avatar": "",
            "previewImage": "",
            "infoPopupOnHover": false,
            "version": "62962a9f-2494-48fa-998a-1bebbd5397fb"
        },
        {
            "id": "GT82",
            "group": "1121fe68-23e8-4a0a-a9ea-070186d25721",
            "displayName": "Teen Titans",
            "color": "",
            "textColor": "",
            "icon": "",
            "avatar": "",
            "previewImage": "",
            "infoPopupOnHover": false,
            "version": "03a58837-2255-4933-a027-914ca99606da"
        },
        {
            "id": "GT83",
            "group": "1121fe68-23e8-4a0a-a9ea-070186d25721",
            "displayName": "Underworld",
            "color": "",
            "textColor": "",
            "icon": "",
            "avatar": "",
            "previewImage": "",
            "infoPopupOnHover": false,
            "version": "4e5d9c9e-2410-4b2a-99e9-731fb3716bf7"
        },
        {
            "id": "GT84",
            "group": "1121fe68-23e8-4a0a-a9ea-070186d25721",
            "displayName": "Voiced",
            "color": "",
            "textColor": "",
            "icon": "",
            "avatar": "",
            "previewImage": "",
            "infoPopupOnHover": false,
            "version": "af9c047b-d327-446d-be8d-e45252f6fceb"
        },
        {
            "id": "GT85",
            "group": "1121fe68-23e8-4a0a-a9ea-070186d25721",
            "displayName": "Vore",
            "color": "",
            "textColor": "",
            "icon": "",
            "avatar": "",
            "previewImage": "",
            "infoPopupOnHover": false,
            "version": "e40dc800-d0c0-4d34-95a7-f9db152bc7b6"
        },
        {
            "id": "GT86",
            "group": "1121fe68-23e8-4a0a-a9ea-070186d25721",
            "displayName": "War/Battlefield",
            "color": "",
            "textColor": "",
            "icon": "",
            "avatar": "",
            "previewImage": "",
            "infoPopupOnHover": false,
            "version": "09bb5a0a-cbdf-4662-8481-b6fc16e89df8"
        },
        {
            "id": "GT87",
            "group": "1121fe68-23e8-4a0a-a9ea-070186d25721",
            "displayName": "Casual",
            "color": "",
            "textColor": "",
            "icon": "",
            "avatar": "",
            "previewImage": "",
            "infoPopupOnHover": false,
            "version": "53c9cd8c-0584-44e0-94e4-9785658c6b38"
        },
        {
            "id": "GT88",
            "group": "1121fe68-23e8-4a0a-a9ea-070186d25721",
            "displayName": "No sexual content",
            "color": "",
            "textColor": "",
            "icon": "",
            "avatar": "",
            "previewImage": "",
            "infoPopupOnHover": false,
            "version": "57934e6a-0138-407d-a444-57038238f0ae"
        },
        {
            "id": "GT89",
            "group": "1121fe68-23e8-4a0a-a9ea-070186d25721",
            "displayName": "Japanese game",
            "color": "",
            "textColor": "",
            "icon": "",
            "avatar": "",
            "previewImage": "",
            "infoPopupOnHover": false,
            "version": "7f316e28-d754-4dc9-8cd9-2c7102b1e027"
        },
        {
            "id": "GT90",
            "group": "1121fe68-23e8-4a0a-a9ea-070186d25721",
            "displayName": "Text based",
            "color": "",
            "textColor": "",
            "icon": "",
            "avatar": "",
            "previewImage": "",
            "infoPopupOnHover": false,
            "version": "136cfaba-5d82-4e29-a157-b6c338075786"
        },
        {
            "id": "GT91",
            "group": "1121fe68-23e8-4a0a-a9ea-070186d25721",
            "displayName": "Character creation",
            "color": "",
            "textColor": "",
            "icon": "",
            "avatar": "",
            "previewImage": "",
            "infoPopupOnHover": false,
            "version": "6bde2710-60ba-48fa-afd4-7432fb091a3f"
        },
        {
            "id": "GT92",
            "group": "1121fe68-23e8-4a0a-a9ea-070186d25721",
            "displayName": "TBT",
            "color": "",
            "textColor": "",
            "icon": "",
            "avatar": "",
            "previewImage": "",
            "infoPopupOnHover": false,
            "version": "fc72d0f2-0922-4c53-b202-f2e640b97613"
        }
    ],
    "groupData": {
        "id": "1121fe68-23e8-4a0a-a9ea-070186d25721",
        "name": "Games types",
        "prefix": "GT"
    },
    "name": "Games types",
    "version": "2c0f2e6d-8350-4b59-8fd0-e8782c03646f",
    "contentType": "tags",
    "remotePath": "packs/tags/1121fe68-23e8-4a0a-a9ea-070186d25721.zip"
}