{
    "id": "b16b6ad7-58a1-46ca-924b-d67e6da84232",
    "itemsData": [
        {
            "id": "GT2",
            "group": "1121fe68-23e8-4a0a-a9ea-070186d25721",
            "displayName": "2DCG",
            "color": "",
            "textColor": "",
            "icon": "",
            "avatar": "",
            "previewImage": "",
            "infoPopupOnHover": false,
            "version": "be7343fe-1422-4811-a262-1920412c2623"
        },
        {
            "id": "GT4",
            "group": "1121fe68-23e8-4a0a-a9ea-070186d25721",
            "displayName": "3DCG",
            "color": "",
            "textColor": "",
            "icon": "",
            "avatar": "",
            "previewImage": "",
            "infoPopupOnHover": false,
            "version": "3480a693-2f7a-4af4-bf73-2b8190775dc3"
        },
        {
            "id": "GT5",
            "group": "1121fe68-23e8-4a0a-a9ea-070186d25721",
            "displayName": "Fighting",
            "color": "",
            "textColor": "",
            "icon": "",
            "avatar": "",
            "previewImage": "",
            "infoPopupOnHover": false,
            "version": "97e33782-2ea9-4bdc-ac19-3c929b04dc59"
        },
        {
            "id": "GT6",
            "group": "1121fe68-23e8-4a0a-a9ea-070186d25721",
            "displayName": "3rd person",
            "color": "",
            "textColor": "",
            "icon": "",
            "avatar": "",
            "previewImage": "",
            "infoPopupOnHover": false,
            "version": "2c6de14e-4f31-45fd-8f14-f4c2209928a8"
        },
        {
            "id": "GT7",
            "group": "1121fe68-23e8-4a0a-a9ea-070186d25721",
            "displayName": "Add-on",
            "color": "",
            "textColor": "",
            "icon": "",
            "avatar": "",
            "previewImage": "",
            "infoPopupOnHover": false,
            "version": "7d5d13eb-4dc1-44b6-af1a-087d49155c05"
        },
        {
            "id": "GT8",
            "group": "1121fe68-23e8-4a0a-a9ea-070186d25721",
            "displayName": "Arcade",
            "color": "",
            "textColor": "",
            "icon": "",
            "avatar": "",
            "previewImage": "",
            "infoPopupOnHover": false,
            "version": "c885c2d6-b29d-40d2-91a4-d68398af7db3"
        },
        {
            "id": "GT9",
            "group": "1121fe68-23e8-4a0a-a9ea-070186d25721",
            "displayName": "Avatar",
            "color": "",
            "textColor": "",
            "icon": "",
            "avatar": "",
            "previewImage": "",
            "infoPopupOnHover": false,
            "version": "007b13cd-8d66-4198-b604-4b12d2df47db"
        },
        {
            "id": "GT10",
            "group": "1121fe68-23e8-4a0a-a9ea-070186d25721",
            "displayName": "Battlefuck",
            "color": "",
            "textColor": "",
            "icon": "",
            "avatar": "",
            "previewImage": "",
            "infoPopupOnHover": false,
            "version": "6e560394-87a1-4749-b7ba-eb631b9a8d0d"
        },
        {
            "id": "GT11",
            "group": "1121fe68-23e8-4a0a-a9ea-070186d25721",
            "displayName": "Board Game",
            "color": "",
            "textColor": "",
            "icon": "",
            "avatar": "",
            "previewImage": "",
            "infoPopupOnHover": false,
            "version": "067f9f89-346d-4dae-a24a-9e873c18c898"
        },
        {
            "id": "GT12",
            "group": "1121fe68-23e8-4a0a-a9ea-070186d25721",
            "displayName": "CG",
            "color": "",
            "textColor": "",
            "icon": "",
            "avatar": "",
            "previewImage": "",
            "infoPopupOnHover": false,
            "version": "889c506b-0c7f-45b5-a010-151d92125d49"
        },
        {
            "id": "GT13",
            "group": "1121fe68-23e8-4a0a-a9ea-070186d25721",
            "displayName": "Card Battle RPG",
            "color": "",
            "textColor": "",
            "icon": "",
            "avatar": "",
            "previewImage": "",
            "infoPopupOnHover": false,
            "version": "2b7815ba-d2a4-4047-9318-d9af3184bb90"
        },
        {
            "id": "GT14",
            "group": "1121fe68-23e8-4a0a-a9ea-070186d25721",
            "displayName": "Cards game",
            "color": "",
            "textColor": "",
            "icon": "",
            "avatar": "",
            "previewImage": "",
            "infoPopupOnHover": false,
            "version": "7fbb9f60-4eba-4267-87b7-edc79cc0d19d"
        },
        {
            "id": "GT15",
            "group": "1121fe68-23e8-4a0a-a9ea-070186d25721",
            "displayName": "Choice Based Novel",
            "color": "",
            "textColor": "",
            "icon": "",
            "avatar": "",
            "previewImage": "",
            "infoPopupOnHover": false,
            "version": "54c76e4b-7cf4-43b7-b120-a40d31a517eb"
        },
        {
            "id": "GT16",
            "group": "1121fe68-23e8-4a0a-a9ea-070186d25721",
            "displayName": "Combat",
            "color": "",
            "textColor": "",
            "icon": "",
            "avatar": "",
            "previewImage": "",
            "infoPopupOnHover": false,
            "version": "93823476-6ee2-438d-b38a-77b906c1beb2"
        },
        {
            "id": "GT17",
            "group": "1121fe68-23e8-4a0a-a9ea-070186d25721",
            "displayName": "Constructor",
            "color": "",
            "textColor": "",
            "icon": "",
            "avatar": "",
            "previewImage": "",
            "infoPopupOnHover": false,
            "version": "5f0d7a8a-f913-4a15-b043-5b22bb51a6ed"
        },
        {
            "id": "GT18",
            "group": "1121fe68-23e8-4a0a-a9ea-070186d25721",
            "displayName": "Cross-section View",
            "color": "",
            "textColor": "",
            "icon": "",
            "avatar": "",
            "previewImage": "",
            "infoPopupOnHover": false,
            "version": "5f53f135-958b-47ba-825c-515fe3cb8d13"
        },
        {
            "id": "GT19",
            "group": "1121fe68-23e8-4a0a-a9ea-070186d25721",
            "displayName": "DOT/Pixel",
            "color": "",
            "textColor": "",
            "icon": "",
            "avatar": "",
            "previewImage": "",
            "infoPopupOnHover": false,
            "version": "932b7264-f071-4cbf-b48c-a703102af270"
        },
        {
            "id": "GT20",
            "group": "1121fe68-23e8-4a0a-a9ea-070186d25721",
            "displayName": "DVD PG",
            "color": "",
            "textColor": "",
            "icon": "",
            "avatar": "",
            "previewImage": "",
            "infoPopupOnHover": false,
            "version": "789a3821-e3b3-44af-a57b-eb6a995f0c65"
        },
        {
            "id": "GT21",
            "group": "1121fe68-23e8-4a0a-a9ea-070186d25721",
            "displayName": "Dark Souls",
            "color": "",
            "textColor": "",
            "icon": "",
            "avatar": "",
            "previewImage": "",
            "infoPopupOnHover": false,
            "version": "a7c27b7e-7f16-4727-8b1a-b954ff87f175"
        },
        {
            "id": "GT22",
            "group": "1121fe68-23e8-4a0a-a9ea-070186d25721",
            "displayName": "Data sim",
            "color": "",
            "textColor": "",
            "icon": "",
            "avatar": "",
            "previewImage": "",
            "infoPopupOnHover": false,
            "version": "fedc5308-74a8-47d0-b5b5-7a22dca1641d"
        },
        {
            "id": "GT23",
            "group": "1121fe68-23e8-4a0a-a9ea-070186d25721",
            "displayName": "Death",
            "color": "",
            "textColor": "",
            "icon": "",
            "avatar": "",
            "previewImage": "",
            "infoPopupOnHover": false,
            "version": "fe9a1a8c-004c-4f69-8fe5-288d0b878a23"
        },
        {
            "id": "GT24",
            "group": "1121fe68-23e8-4a0a-a9ea-070186d25721",
            "displayName": "Fallout",
            "color": "",
            "textColor": "",
            "icon": "",
            "avatar": "",
            "previewImage": "",
            "infoPopupOnHover": false,
            "version": "6ba3b817-474b-4809-837f-09af47212028"
        },
        {
            "id": "GT25",
            "group": "1121fe68-23e8-4a0a-a9ea-070186d25721",
            "displayName": "GIF animations",
            "color": "",
            "textColor": "",
            "icon": "",
            "avatar": "",
            "previewImage": "",
            "infoPopupOnHover": false,
            "version": "0e6d5b0a-9945-4f07-92d2-8717d7f0b41c"
        },
        {
            "id": "GT26",
            "group": "1121fe68-23e8-4a0a-a9ea-070186d25721",
            "displayName": "Gacha",
            "color": "",
            "textColor": "",
            "icon": "",
            "avatar": "",
            "previewImage": "",
            "infoPopupOnHover": false,
            "version": "8d23c5a9-4597-4050-aabe-9027cd819343"
        },
        {
            "id": "GT27",
            "group": "1121fe68-23e8-4a0a-a9ea-070186d25721",
            "displayName": "Game",
            "color": "",
            "textColor": "",
            "icon": "",
            "avatar": "",
            "previewImage": "",
            "infoPopupOnHover": false,
            "version": "63d3304c-fcf6-4c7b-8d5f-a905f6927dd5"
        },
        {
            "id": "GT28",
            "group": "1121fe68-23e8-4a0a-a9ea-070186d25721",
            "displayName": "Gay (Optional)",
            "color": "",
            "textColor": "",
            "icon": "",
            "avatar": "",
            "previewImage": "",
            "infoPopupOnHover": false,
            "version": "34e9fe44-d75b-4bcd-b45e-c408499ebe65"
        },
        {
            "id": "GT29",
            "group": "1121fe68-23e8-4a0a-a9ea-070186d25721",
            "displayName": "Genre",
            "color": "",
            "textColor": "",
            "icon": "",
            "avatar": "",
            "previewImage": "",
            "infoPopupOnHover": false,
            "version": "158bbbbb-eaf1-47d1-b49d-ad98b3d5101a"
        },
        {
            "id": "GT30",
            "group": "1121fe68-23e8-4a0a-a9ea-070186d25721",
            "displayName": "Graphic violence",
            "color": "",
            "textColor": "",
            "icon": "",
            "avatar": "",
            "previewImage": "",
            "infoPopupOnHover": false,
            "version": "4c8e60be-3990-4b91-9ee1-6dacf2705682"
        },
        {
            "id": "GT31",
            "group": "1121fe68-23e8-4a0a-a9ea-070186d25721",
            "displayName": "Harem (No harem ending)",
            "color": "",
            "textColor": "",
            "icon": "",
            "avatar": "",
            "previewImage": "",
            "infoPopupOnHover": false,
            "version": "caaaf2e7-c9e6-48c2-81b6-6189179ac19d"
        },
        {
            "id": "GT32",
            "group": "1121fe68-23e8-4a0a-a9ea-070186d25721",
            "displayName": "Hermione",
            "color": "",
            "textColor": "",
            "icon": "",
            "avatar": "",
            "previewImage": "",
            "infoPopupOnHover": false,
            "version": "8cc388ab-fa83-47e6-8706-5a18d199c9cb"
        },
        {
            "id": "GT33",
            "group": "1121fe68-23e8-4a0a-a9ea-070186d25721",
            "displayName": "Indie",
            "color": "",
            "textColor": "",
            "icon": "",
            "avatar": "",
            "previewImage": "",
            "infoPopupOnHover": false,
            "version": "d1e47d53-f475-4491-8b15-8d916c629fab"
        },
        {
            "id": "GT34",
            "group": "1121fe68-23e8-4a0a-a9ea-070186d25721",
            "displayName": "Interactive",
            "color": "",
            "textColor": "",
            "icon": "",
            "avatar": "",
            "previewImage": "",
            "infoPopupOnHover": false,
            "version": "10da66a2-4c73-41fb-8c16-ac1d20e12b6a"
        },
        {
            "id": "GT35",
            "group": "1121fe68-23e8-4a0a-a9ea-070186d25721",
            "displayName": "JRPG",
            "color": "",
            "textColor": "",
            "icon": "",
            "avatar": "",
            "previewImage": "",
            "infoPopupOnHover": false,
            "version": "b850c468-9ddf-4f14-9f20-2ddac7045c0e"
        },
        {
            "id": "GT36",
            "group": "1121fe68-23e8-4a0a-a9ea-070186d25721",
            "displayName": "Jasmine",
            "color": "",
            "textColor": "",
            "icon": "",
            "avatar": "",
            "previewImage": "",
            "infoPopupOnHover": false,
            "version": "5e4cf92e-b62c-49e4-9064-0d72c8b4ac0a"
        },
        {
            "id": "GT37",
            "group": "1121fe68-23e8-4a0a-a9ea-070186d25721",
            "displayName": "League of Legends",
            "color": "",
            "textColor": "",
            "icon": "",
            "avatar": "",
            "previewImage": "",
            "infoPopupOnHover": false,
            "version": "ef36d55b-d838-4dbe-a09b-ad5e7540b7dd"
        },
        {
            "id": "GT38",
            "group": "1121fe68-23e8-4a0a-a9ea-070186d25721",
            "displayName": "MMO",
            "color": "",
            "textColor": "",
            "icon": "",
            "avatar": "",
            "previewImage": "",
            "infoPopupOnHover": false,
            "version": "fb552664-c4b2-49bc-9f8a-d43ab88709c4"
        },
        {
            "id": "GT39",
            "group": "1121fe68-23e8-4a0a-a9ea-070186d25721",
            "displayName": "Mahjong",
            "color": "",
            "textColor": "",
            "icon": "",
            "avatar": "",
            "previewImage": "",
            "infoPopupOnHover": false,
            "version": "f10267c3-5f5e-4a28-9b14-467ecd023171"
        },
        {
            "id": "GT40",
            "group": "1121fe68-23e8-4a0a-a9ea-070186d25721",
            "displayName": "Mahou Shoujo",
            "color": "",
            "textColor": "",
            "icon": "",
            "avatar": "",
            "previewImage": "",
            "infoPopupOnHover": false,
            "version": "976464ca-8bf8-48fc-938e-cc0ebfbed49f"
        },
        {
            "id": "GT41",
            "group": "1121fe68-23e8-4a0a-a9ea-070186d25721",
            "displayName": "Management",
            "color": "",
            "textColor": "",
            "icon": "",
            "avatar": "",
            "previewImage": "",
            "infoPopupOnHover": false,
            "version": "e69f9ff1-d6fa-41a4-90ec-fda9da904c87"
        },
        {
            "id": "GT42",
            "group": "1121fe68-23e8-4a0a-a9ea-070186d25721",
            "displayName": "Mini Games",
            "color": "",
            "textColor": "",
            "icon": "",
            "avatar": "",
            "previewImage": "",
            "infoPopupOnHover": false,
            "version": "e18f9e04-e298-4da9-b08a-0d2e74fb3e23"
        },
        {
            "id": "GT43",
            "group": "1121fe68-23e8-4a0a-a9ea-070186d25721",
            "displayName": "Models",
            "color": "",
            "textColor": "",
            "icon": "",
            "avatar": "",
            "previewImage": "",
            "infoPopupOnHover": false,
            "version": "e631c97e-0882-47ee-8379-f3d325b7a43e"
        },
        {
            "id": "GT44",
            "group": "1121fe68-23e8-4a0a-a9ea-070186d25721",
            "displayName": "Mods",
            "color": "",
            "textColor": "",
            "icon": "",
            "avatar": "",
            "previewImage": "",
            "infoPopupOnHover": false,
            "version": "fd187401-cc24-42fc-a288-f042be7f249d"
        },
        {
            "id": "GT45",
            "group": "1121fe68-23e8-4a0a-a9ea-070186d25721",
            "displayName": "Multiplayer",
            "color": "",
            "textColor": "",
            "icon": "",
            "avatar": "",
            "previewImage": "",
            "infoPopupOnHover": false,
            "version": "d7dbca61-7c85-4df0-b796-09a3cf467147"
        },
        {
            "id": "GT46",
            "group": "1121fe68-23e8-4a0a-a9ea-070186d25721",
            "displayName": "Multiple Endings",
            "color": "",
            "textColor": "",
            "icon": "",
            "avatar": "",
            "previewImage": "",
            "infoPopupOnHover": false,
            "version": "dadf3a73-4469-4ebe-ad1e-672c7c6dafe9"
        },
        {
            "id": "GT47",
            "group": "1121fe68-23e8-4a0a-a9ea-070186d25721",
            "displayName": "Music play",
            "color": "",
            "textColor": "",
            "icon": "",
            "avatar": "",
            "previewImage": "",
            "infoPopupOnHover": false,
            "version": "66893969-e18e-4301-a21f-3e70a9defe95"
        },
        {
            "id": "GT48",
            "group": "1121fe68-23e8-4a0a-a9ea-070186d25721",
            "displayName": "OculusRift",
            "color": "",
            "textColor": "",
            "icon": "",
            "avatar": "",
            "previewImage": "",
            "infoPopupOnHover": false,
            "version": "16117ad3-d397-40dc-b4df-c5853da9eec5"
        },
        {
            "id": "GT49",
            "group": "1121fe68-23e8-4a0a-a9ea-070186d25721",
            "displayName": "Online",
            "color": "",
            "textColor": "",
            "icon": "",
            "avatar": "",
            "previewImage": "",
            "infoPopupOnHover": false,
            "version": "02fecef7-237b-442f-90b7-3c36e44c731f"
        },
        {
            "id": "GT50",
            "group": "1121fe68-23e8-4a0a-a9ea-070186d25721",
            "displayName": "Open World",
            "color": "",
            "textColor": "",
            "icon": "",
            "avatar": "",
            "previewImage": "",
            "infoPopupOnHover": false,
            "version": "fba0b5fd-f195-4f40-ad26-8184f926c242"
        },
        {
            "id": "GT51",
            "group": "1121fe68-23e8-4a0a-a9ea-070186d25721",
            "displayName": "Optional",
            "color": "",
            "textColor": "",
            "icon": "",
            "avatar": "",
            "previewImage": "",
            "infoPopupOnHover": false,
            "version": "13af0b4e-fbe1-4af2-9547-1be248fa8a1d"
        },
        {
            "id": "GT52",
            "group": "1121fe68-23e8-4a0a-a9ea-070186d25721",
            "displayName": "Platformer",
            "color": "",
            "textColor": "",
            "icon": "",
            "avatar": "",
            "previewImage": "",
            "infoPopupOnHover": false,
            "version": "12a54b73-4716-46fe-ae8a-679c73d36043"
        },
        {
            "id": "GT53",
            "group": "1121fe68-23e8-4a0a-a9ea-070186d25721",
            "displayName": "Point & click",
            "color": "",
            "textColor": "",
            "icon": "",
            "avatar": "",
            "previewImage": "",
            "infoPopupOnHover": false,
            "version": "d801b4b5-3ce4-4287-87b4-1b579c24a527"
        },
        {
            "id": "GT54",
            "group": "1121fe68-23e8-4a0a-a9ea-070186d25721",
            "displayName": "Pose Editor",
            "color": "",
            "textColor": "",
            "icon": "",
            "avatar": "",
            "previewImage": "",
            "infoPopupOnHover": false,
            "version": "7bb4b8e1-7e3f-4b49-97a1-f909abb9ed9b"
        },
        {
            "id": "GT55",
            "group": "1121fe68-23e8-4a0a-a9ea-070186d25721",
            "displayName": "Puzzle",
            "color": "",
            "textColor": "",
            "icon": "",
            "avatar": "",
            "previewImage": "",
            "infoPopupOnHover": false,
            "version": "ad6cee75-4498-4627-b34e-d7bea3ee0bac"
        },
        {
            "id": "GT56",
            "group": "1121fe68-23e8-4a0a-a9ea-070186d25721",
            "displayName": "Quest",
            "color": "",
            "textColor": "",
            "icon": "",
            "avatar": "",
            "previewImage": "",
            "infoPopupOnHover": false,
            "version": "19712f90-fbe9-4270-a4ca-ab7ce8b8e8d1"
        },
        {
            "id": "GT57",
            "group": "1121fe68-23e8-4a0a-a9ea-070186d25721",
            "displayName": "Quiz",
            "color": "",
            "textColor": "",
            "icon": "",
            "avatar": "",
            "previewImage": "",
            "infoPopupOnHover": false,
            "version": "880eabc1-8eab-4a1d-819e-32b4a0cc3d68"
        },
        {
            "id": "GT58",
            "group": "1121fe68-23e8-4a0a-a9ea-070186d25721",
            "displayName": "RPG",
            "color": "",
            "textColor": "",
            "icon": "",
            "avatar": "",
            "previewImage": "",
            "infoPopupOnHover": false,
            "version": "4bd3783a-f9f5-45b9-b657-a169b9626931"
        },
        {
            "id": "GT59",
            "group": "1121fe68-23e8-4a0a-a9ea-070186d25721",
            "displayName": "RTS",
            "color": "",
            "textColor": "",
            "icon": "",
            "avatar": "",
            "previewImage": "",
            "infoPopupOnHover": false,
            "version": "01da5d61-7eb1-4c49-aab7-9e62e5483a38"
        },
        {
            "id": "GT60",
            "group": "1121fe68-23e8-4a0a-a9ea-070186d25721",
            "displayName": "Rastling",
            "color": "",
            "textColor": "",
            "icon": "",
            "avatar": "",
            "previewImage": "",
            "infoPopupOnHover": false,
            "version": "cfbdd7ca-1a78-405f-98d1-6576f15ee736"
        },
        {
            "id": "GT61",
            "group": "1121fe68-23e8-4a0a-a9ea-070186d25721",
            "displayName": "River City Girls",
            "color": "",
            "textColor": "",
            "icon": "",
            "avatar": "",
            "previewImage": "",
            "infoPopupOnHover": false,
            "version": "4aebebfc-e11c-49c3-9a78-4634cf1aa94d"
        },
        {
            "id": "GT62",
            "group": "1121fe68-23e8-4a0a-a9ea-070186d25721",
            "displayName": "Rogue-like",
            "color": "",
            "textColor": "",
            "icon": "",
            "avatar": "",
            "previewImage": "",
            "infoPopupOnHover": false,
            "version": "f1551fae-72aa-4423-b415-67929943f253"
        },
        {
            "id": "GT63",
            "group": "1121fe68-23e8-4a0a-a9ea-070186d25721",
            "displayName": "SLG",
            "color": "",
            "textColor": "",
            "icon": "",
            "avatar": "",
            "previewImage": "",
            "infoPopupOnHover": false,
            "version": "78562afd-ab57-4ba1-b5f8-3c7cf3fb1be5"
        },
        {
            "id": "GT64",
            "group": "1121fe68-23e8-4a0a-a9ea-070186d25721",
            "displayName": "SM",
            "color": "",
            "textColor": "",
            "icon": "",
            "avatar": "",
            "previewImage": "",
            "infoPopupOnHover": false,
            "version": "5c259a59-c35c-46a3-9ee3-c1b828bc3b06"
        },
        {
            "id": "GT65",
            "group": "1121fe68-23e8-4a0a-a9ea-070186d25721",
            "displayName": "SRPG",
            "color": "",
            "textColor": "",
            "icon": "",
            "avatar": "",
            "previewImage": "",
            "infoPopupOnHover": false,
            "version": "8fb0e7cf-099b-4b11-986d-c618cab4d445"
        },
        {
            "id": "GT66",
            "group": "1121fe68-23e8-4a0a-a9ea-070186d25721",
            "displayName": "Sailor",
            "color": "",
            "textColor": "",
            "icon": "",
            "avatar": "",
            "previewImage": "",
            "infoPopupOnHover": false,
            "version": "fb483bc9-d65d-42c2-a429-0cbd9c148558"
        },
        {
            "id": "GT67",
            "group": "1121fe68-23e8-4a0a-a9ea-070186d25721",
            "displayName": "Sandbox",
            "color": "",
            "textColor": "",
            "icon": "",
            "avatar": "",
            "previewImage": "",
            "infoPopupOnHover": false,
            "version": "80f795d3-b329-47e1-8375-a7fdbde00652"
        },
        {
            "id": "GT68",
            "group": "1121fe68-23e8-4a0a-a9ea-070186d25721",
            "displayName": "Sequel",
            "color": "",
            "textColor": "",
            "icon": "",
            "avatar": "",
            "previewImage": "",
            "infoPopupOnHover": false,
            "version": "66d4efca-afc5-48b5-82c6-deb1f2f57281"
        },
        {
            "id": "GT69",
            "group": "1121fe68-23e8-4a0a-a9ea-070186d25721",
            "displayName": "Simulator",
            "color": "",
            "textColor": "",
            "icon": "",
            "avatar": "",
            "previewImage": "",
            "infoPopupOnHover": false,
            "version": "5e727929-c107-4f31-b504-c9730ace402b"
        },
        {
            "id": "GT70",
            "group": "1121fe68-23e8-4a0a-a9ea-070186d25721",
            "displayName": "Shooter",
            "color": "",
            "textColor": "",
            "icon": "",
            "avatar": "",
            "previewImage": "",
            "infoPopupOnHover": false,
            "version": "9608b2ea-e74d-4689-9650-c2380b284c8b"
        },
        {
            "id": "GT71",
            "group": "1121fe68-23e8-4a0a-a9ea-070186d25721",
            "displayName": "Side-Scroller",
            "color": "",
            "textColor": "",
            "icon": "",
            "avatar": "",
            "previewImage": "",
            "infoPopupOnHover": false,
            "version": "49918a80-0586-4e0a-8a47-752728216213"
        },
        {
            "id": "GT72",
            "group": "1121fe68-23e8-4a0a-a9ea-070186d25721",
            "displayName": "Singleplayer",
            "color": "",
            "textColor": "",
            "icon": "",
            "avatar": "",
            "previewImage": "",
            "infoPopupOnHover": false,
            "version": "da58bc1a-c533-4d14-a2e8-dbbdec3f68aa"
        },
        {
            "id": "GT73",
            "group": "1121fe68-23e8-4a0a-a9ea-070186d25721",
            "displayName": "Skyrim",
            "color": "",
            "textColor": "",
            "icon": "",
            "avatar": "",
            "previewImage": "",
            "infoPopupOnHover": false,
            "version": "fab87df7-cce0-4552-8263-b0e330661cc9"
        },
        {
            "id": "GT74",
            "group": "1121fe68-23e8-4a0a-a9ea-070186d25721",
            "displayName": "Slasher",
            "color": "",
            "textColor": "",
            "icon": "",
            "avatar": "",
            "previewImage": "",
            "infoPopupOnHover": false,
            "version": "ac21502b-d5c2-40b5-b793-01c5ffc9ffc3"
        },
        {
            "id": "GT75",
            "group": "1121fe68-23e8-4a0a-a9ea-070186d25721",
            "displayName": "Star Wars",
            "color": "",
            "textColor": "",
            "icon": "",
            "avatar": "",
            "previewImage": "",
            "infoPopupOnHover": false,
            "version": "f1252276-23fd-41a4-a68d-563f59838434"
        },
        {
            "id": "GT76",
            "group": "1121fe68-23e8-4a0a-a9ea-070186d25721",
            "displayName": "Strategy",
            "color": "",
            "textColor": "",
            "icon": "",
            "avatar": "",
            "previewImage": "",
            "infoPopupOnHover": false,
            "version": "12487aa2-8475-45c6-909f-9978c5b37589"
        },
        {
            "id": "GT77",
            "group": "1121fe68-23e8-4a0a-a9ea-070186d25721",
            "displayName": "Tower Defense",
            "color": "",
            "textColor": "",
            "icon": "",
            "avatar": "",
            "previewImage": "",
            "infoPopupOnHover": false,
            "version": "1afea288-348a-4e29-b48f-54e59e761f1c"
        },
        {
            "id": "GT78",
            "group": "1121fe68-23e8-4a0a-a9ea-070186d25721",
            "displayName": "TK17",
            "color": "",
            "textColor": "",
            "icon": "",
            "avatar": "",
            "previewImage": "",
            "infoPopupOnHover": false,
            "version": "7fc0509c-238e-42f5-ae80-8239a8501ee8"
        },
        {
            "id": "GT79",
            "group": "1121fe68-23e8-4a0a-a9ea-070186d25721",
            "displayName": "TPS",
            "color": "",
            "textColor": "",
            "icon": "",
            "avatar": "",
            "previewImage": "",
            "infoPopupOnHover": false,
            "version": "88a47510-710b-439f-80de-152af87bd1cd"
        },
        {
            "id": "GT80",
            "group": "1121fe68-23e8-4a0a-a9ea-070186d25721",
            "displayName": "TRPG",
            "color": "",
            "textColor": "",
            "icon": "",
            "avatar": "",
            "previewImage": "",
            "infoPopupOnHover": false,
            "version": "25bc2818-ab08-4e3c-86cc-a5494b44e048"
        },
        {
            "id": "GT81",
            "group": "1121fe68-23e8-4a0a-a9ea-070186d25721",
            "displayName": "Tan",
            "color": "",
            "textColor": "",
            "icon": "",
            "avatar": "",
            "previewImage": "",
            "infoPopupOnHover": false,
            "version": "cf638563-087d-4a16-86c8-88ce32bd7cb4"
        },
        {
            "id": "GT82",
            "group": "1121fe68-23e8-4a0a-a9ea-070186d25721",
            "displayName": "Teen Titans",
            "color": "",
            "textColor": "",
            "icon": "",
            "avatar": "",
            "previewImage": "",
            "infoPopupOnHover": false,
            "version": "365a7465-40ef-4af9-8896-bf038883f7f0"
        },
        {
            "id": "GT83",
            "group": "1121fe68-23e8-4a0a-a9ea-070186d25721",
            "displayName": "Underworld",
            "color": "",
            "textColor": "",
            "icon": "",
            "avatar": "",
            "previewImage": "",
            "infoPopupOnHover": false,
            "version": "dfcbb1aa-26d7-4a4c-af84-a705b18ce25c"
        },
        {
            "id": "GT84",
            "group": "1121fe68-23e8-4a0a-a9ea-070186d25721",
            "displayName": "Voiced",
            "color": "",
            "textColor": "",
            "icon": "",
            "avatar": "",
            "previewImage": "",
            "infoPopupOnHover": false,
            "version": "992e472e-f6ad-4022-88e3-a1c0e2e5dc7a"
        },
        {
            "id": "GT85",
            "group": "1121fe68-23e8-4a0a-a9ea-070186d25721",
            "displayName": "Vore",
            "color": "",
            "textColor": "",
            "icon": "",
            "avatar": "",
            "previewImage": "",
            "infoPopupOnHover": false,
            "version": "ce4f93b2-ffc9-43ae-ab0a-4e6d19828210"
        },
        {
            "id": "GT86",
            "group": "1121fe68-23e8-4a0a-a9ea-070186d25721",
            "displayName": "War/Battlefield",
            "color": "",
            "textColor": "",
            "icon": "",
            "avatar": "",
            "previewImage": "",
            "infoPopupOnHover": false,
            "version": "98cd920c-808c-4749-baab-7cb98ad1a956"
        },
        {
            "id": "GT87",
            "group": "1121fe68-23e8-4a0a-a9ea-070186d25721",
            "displayName": "Casual",
            "color": "",
            "textColor": "",
            "icon": "",
            "avatar": "",
            "previewImage": "",
            "infoPopupOnHover": false,
            "version": "27fb2f43-5a9d-4ddd-b0ad-1eca1e8e1e06"
        },
        {
            "id": "GT88",
            "group": "1121fe68-23e8-4a0a-a9ea-070186d25721",
            "displayName": "No sexual content",
            "color": "",
            "textColor": "",
            "icon": "",
            "avatar": "",
            "previewImage": "",
            "infoPopupOnHover": false,
            "version": "ed7550cf-a98a-4920-9495-8ec320d6c1ac"
        },
        {
            "id": "GT89",
            "group": "1121fe68-23e8-4a0a-a9ea-070186d25721",
            "displayName": "Japanese game",
            "color": "",
            "textColor": "",
            "icon": "",
            "avatar": "",
            "previewImage": "",
            "infoPopupOnHover": false,
            "version": "0caf9957-92b4-4ade-b5cb-a47d08d96ac6"
        },
        {
            "id": "GT90",
            "group": "1121fe68-23e8-4a0a-a9ea-070186d25721",
            "displayName": "Text based",
            "color": "",
            "textColor": "",
            "icon": "",
            "avatar": "",
            "previewImage": "",
            "infoPopupOnHover": false,
            "version": "5d66fbc6-9648-48bd-9581-374e3bd4224b"
        },
        {
            "id": "GT91",
            "group": "1121fe68-23e8-4a0a-a9ea-070186d25721",
            "displayName": "Character creation",
            "color": "",
            "textColor": "",
            "icon": "",
            "avatar": "",
            "previewImage": "",
            "infoPopupOnHover": false,
            "version": "ee63522f-203f-4b67-b534-abcc014641d7"
        },
        {
            "id": "GT92",
            "group": "1121fe68-23e8-4a0a-a9ea-070186d25721",
            "displayName": "TBT",
            "color": "",
            "textColor": "",
            "icon": "",
            "avatar": "",
            "previewImage": "",
            "infoPopupOnHover": false,
            "version": "ac3fddd5-0cc1-428a-93d8-5749e81c81fa"
        }
    ],
    "groupData": {
        "id": "1121fe68-23e8-4a0a-a9ea-070186d25721",
        "name": "Games types",
        "prefix": "GT"
    },
    "name": "Games types",
    "version": "99c458b3-5992-484b-920c-d15a44fce8c0",
    "contentType": "tags",
    "remotePath": "packs/tags/1121fe68-23e8-4a0a-a9ea-070186d25721.zip"
}